-- MySQL dump 10.13  Distrib 8.0.43, for Linux (x86_64)
--
-- Host: localhost    Database: django
-- ------------------------------------------------------
-- Server version	8.0.43-0ubuntu0.22.04.1

/*!40101 SET @OLD_CHARACTER_SET_CLIENT=@@CHARACTER_SET_CLIENT */;
/*!40101 SET @OLD_CHARACTER_SET_RESULTS=@@CHARACTER_SET_RESULTS */;
/*!40101 SET @OLD_COLLATION_CONNECTION=@@COLLATION_CONNECTION */;
/*!50503 SET NAMES utf8mb4 */;
/*!40103 SET @OLD_TIME_ZONE=@@TIME_ZONE */;
/*!40103 SET TIME_ZONE='+00:00' */;
/*!40014 SET @OLD_UNIQUE_CHECKS=@@UNIQUE_CHECKS, UNIQUE_CHECKS=0 */;
/*!40014 SET @OLD_FOREIGN_KEY_CHECKS=@@FOREIGN_KEY_CHECKS, FOREIGN_KEY_CHECKS=0 */;
/*!40101 SET @OLD_SQL_MODE=@@SQL_MODE, SQL_MODE='NO_AUTO_VALUE_ON_ZERO' */;
/*!40111 SET @OLD_SQL_NOTES=@@SQL_NOTES, SQL_NOTES=0 */;

--
-- Table structure for table `auth_group`
--

DROP TABLE IF EXISTS `auth_group`;
/*!40101 SET @saved_cs_client     = @@character_set_client */;
/*!50503 SET character_set_client = utf8mb4 */;
CREATE TABLE `auth_group` (
  `id` int NOT NULL AUTO_INCREMENT,
  `name` varchar(150) COLLATE utf8mb4_unicode_ci NOT NULL,
  PRIMARY KEY (`id`),
  UNIQUE KEY `name` (`name`)
) ENGINE=InnoDB DEFAULT CHARSET=utf8mb4 COLLATE=utf8mb4_unicode_ci;
/*!40101 SET character_set_client = @saved_cs_client */;

--
-- Dumping data for table `auth_group`
--

LOCK TABLES `auth_group` WRITE;
/*!40000 ALTER TABLE `auth_group` DISABLE KEYS */;
/*!40000 ALTER TABLE `auth_group` ENABLE KEYS */;
UNLOCK TABLES;

--
-- Table structure for table `auth_group_permissions`
--

DROP TABLE IF EXISTS `auth_group_permissions`;
/*!40101 SET @saved_cs_client     = @@character_set_client */;
/*!50503 SET character_set_client = utf8mb4 */;
CREATE TABLE `auth_group_permissions` (
  `id` bigint NOT NULL AUTO_INCREMENT,
  `group_id` int NOT NULL,
  `permission_id` int NOT NULL,
  PRIMARY KEY (`id`),
  UNIQUE KEY `auth_group_permissions_group_id_permission_id_0cd325b0_uniq` (`group_id`,`permission_id`),
  KEY `auth_group_permissio_permission_id_84c5c92e_fk_auth_perm` (`permission_id`),
  CONSTRAINT `auth_group_permissio_permission_id_84c5c92e_fk_auth_perm` FOREIGN KEY (`permission_id`) REFERENCES `auth_permission` (`id`),
  CONSTRAINT `auth_group_permissions_group_id_b120cbf9_fk_auth_group_id` FOREIGN KEY (`group_id`) REFERENCES `auth_group` (`id`)
) ENGINE=InnoDB DEFAULT CHARSET=utf8mb4 COLLATE=utf8mb4_unicode_ci;
/*!40101 SET character_set_client = @saved_cs_client */;

--
-- Dumping data for table `auth_group_permissions`
--

LOCK TABLES `auth_group_permissions` WRITE;
/*!40000 ALTER TABLE `auth_group_permissions` DISABLE KEYS */;
/*!40000 ALTER TABLE `auth_group_permissions` ENABLE KEYS */;
UNLOCK TABLES;

--
-- Table structure for table `auth_permission`
--

DROP TABLE IF EXISTS `auth_permission`;
/*!40101 SET @saved_cs_client     = @@character_set_client */;
/*!50503 SET character_set_client = utf8mb4 */;
CREATE TABLE `auth_permission` (
  `id` int NOT NULL AUTO_INCREMENT,
  `name` varchar(255) COLLATE utf8mb4_unicode_ci NOT NULL,
  `content_type_id` int NOT NULL,
  `codename` varchar(100) COLLATE utf8mb4_unicode_ci NOT NULL,
  PRIMARY KEY (`id`),
  UNIQUE KEY `auth_permission_content_type_id_codename_01ab375a_uniq` (`content_type_id`,`codename`),
  CONSTRAINT `auth_permission_content_type_id_2f476e4b_fk_django_co` FOREIGN KEY (`content_type_id`) REFERENCES `django_content_type` (`id`)
) ENGINE=InnoDB AUTO_INCREMENT=41 DEFAULT CHARSET=utf8mb4 COLLATE=utf8mb4_unicode_ci;
/*!40101 SET character_set_client = @saved_cs_client */;

--
-- Dumping data for table `auth_permission`
--

LOCK TABLES `auth_permission` WRITE;
/*!40000 ALTER TABLE `auth_permission` DISABLE KEYS */;
INSERT INTO `auth_permission` VALUES (1,'Can add log entry',1,'add_logentry'),(2,'Can change log entry',1,'change_logentry'),(3,'Can delete log entry',1,'delete_logentry'),(4,'Can view log entry',1,'view_logentry'),(5,'Can add permission',2,'add_permission'),(6,'Can change permission',2,'change_permission'),(7,'Can delete permission',2,'delete_permission'),(8,'Can view permission',2,'view_permission'),(9,'Can add group',3,'add_group'),(10,'Can change group',3,'change_group'),(11,'Can delete group',3,'delete_group'),(12,'Can view group',3,'view_group'),(13,'Can add user',4,'add_user'),(14,'Can change user',4,'change_user'),(15,'Can delete user',4,'delete_user'),(16,'Can view user',4,'view_user'),(17,'Can add content type',5,'add_contenttype'),(18,'Can change content type',5,'change_contenttype'),(19,'Can delete content type',5,'delete_contenttype'),(20,'Can view content type',5,'view_contenttype'),(21,'Can add session',6,'add_session'),(22,'Can change session',6,'change_session'),(23,'Can delete session',6,'delete_session'),(24,'Can view session',6,'view_session'),(25,'Can add dast',7,'add_dast'),(26,'Can change dast',7,'change_dast'),(27,'Can delete dast',7,'delete_dast'),(28,'Can view dast',7,'view_dast'),(29,'Can add sast',8,'add_sast'),(30,'Can change sast',8,'change_sast'),(31,'Can delete sast',8,'delete_sast'),(32,'Can view sast',8,'view_sast'),(33,'Can add Message',9,'add_message'),(34,'Can change Message',9,'change_message'),(35,'Can delete Message',9,'delete_message'),(36,'Can view Message',9,'view_message'),(37,'Can add DAST Scan Report',10,'add_dastscan'),(38,'Can change DAST Scan Report',10,'change_dastscan'),(39,'Can delete DAST Scan Report',10,'delete_dastscan'),(40,'Can view DAST Scan Report',10,'view_dastscan');
/*!40000 ALTER TABLE `auth_permission` ENABLE KEYS */;
UNLOCK TABLES;

--
-- Table structure for table `auth_user`
--

DROP TABLE IF EXISTS `auth_user`;
/*!40101 SET @saved_cs_client     = @@character_set_client */;
/*!50503 SET character_set_client = utf8mb4 */;
CREATE TABLE `auth_user` (
  `id` int NOT NULL AUTO_INCREMENT,
  `password` varchar(128) COLLATE utf8mb4_unicode_ci NOT NULL,
  `last_login` datetime(6) DEFAULT NULL,
  `is_superuser` tinyint(1) NOT NULL,
  `username` varchar(150) COLLATE utf8mb4_unicode_ci NOT NULL,
  `first_name` varchar(150) COLLATE utf8mb4_unicode_ci NOT NULL,
  `last_name` varchar(150) COLLATE utf8mb4_unicode_ci NOT NULL,
  `email` varchar(254) COLLATE utf8mb4_unicode_ci NOT NULL,
  `is_staff` tinyint(1) NOT NULL,
  `is_active` tinyint(1) NOT NULL,
  `date_joined` datetime(6) NOT NULL,
  PRIMARY KEY (`id`),
  UNIQUE KEY `username` (`username`)
) ENGINE=InnoDB AUTO_INCREMENT=2 DEFAULT CHARSET=utf8mb4 COLLATE=utf8mb4_unicode_ci;
/*!40101 SET character_set_client = @saved_cs_client */;

--
-- Dumping data for table `auth_user`
--

LOCK TABLES `auth_user` WRITE;
/*!40000 ALTER TABLE `auth_user` DISABLE KEYS */;
INSERT INTO `auth_user` VALUES (1,'pbkdf2_sha256$1000000$ReS0StVpnm3ttdq73vrEIS$Xi/pmxgOWaGIlHF9zqNFYvm/tf9+oAvWWGvwJp2sAq8=','2025-09-10 01:58:08.120628',1,'root','','','minumsusuyuk@gmail.com',1,1,'2025-08-26 11:27:56.219757');
/*!40000 ALTER TABLE `auth_user` ENABLE KEYS */;
UNLOCK TABLES;

--
-- Table structure for table `auth_user_groups`
--

DROP TABLE IF EXISTS `auth_user_groups`;
/*!40101 SET @saved_cs_client     = @@character_set_client */;
/*!50503 SET character_set_client = utf8mb4 */;
CREATE TABLE `auth_user_groups` (
  `id` bigint NOT NULL AUTO_INCREMENT,
  `user_id` int NOT NULL,
  `group_id` int NOT NULL,
  PRIMARY KEY (`id`),
  UNIQUE KEY `auth_user_groups_user_id_group_id_94350c0c_uniq` (`user_id`,`group_id`),
  KEY `auth_user_groups_group_id_97559544_fk_auth_group_id` (`group_id`),
  CONSTRAINT `auth_user_groups_group_id_97559544_fk_auth_group_id` FOREIGN KEY (`group_id`) REFERENCES `auth_group` (`id`),
  CONSTRAINT `auth_user_groups_user_id_6a12ed8b_fk_auth_user_id` FOREIGN KEY (`user_id`) REFERENCES `auth_user` (`id`)
) ENGINE=InnoDB DEFAULT CHARSET=utf8mb4 COLLATE=utf8mb4_unicode_ci;
/*!40101 SET character_set_client = @saved_cs_client */;

--
-- Dumping data for table `auth_user_groups`
--

LOCK TABLES `auth_user_groups` WRITE;
/*!40000 ALTER TABLE `auth_user_groups` DISABLE KEYS */;
/*!40000 ALTER TABLE `auth_user_groups` ENABLE KEYS */;
UNLOCK TABLES;

--
-- Table structure for table `auth_user_user_permissions`
--

DROP TABLE IF EXISTS `auth_user_user_permissions`;
/*!40101 SET @saved_cs_client     = @@character_set_client */;
/*!50503 SET character_set_client = utf8mb4 */;
CREATE TABLE `auth_user_user_permissions` (
  `id` bigint NOT NULL AUTO_INCREMENT,
  `user_id` int NOT NULL,
  `permission_id` int NOT NULL,
  PRIMARY KEY (`id`),
  UNIQUE KEY `auth_user_user_permissions_user_id_permission_id_14a6b632_uniq` (`user_id`,`permission_id`),
  KEY `auth_user_user_permi_permission_id_1fbb5f2c_fk_auth_perm` (`permission_id`),
  CONSTRAINT `auth_user_user_permi_permission_id_1fbb5f2c_fk_auth_perm` FOREIGN KEY (`permission_id`) REFERENCES `auth_permission` (`id`),
  CONSTRAINT `auth_user_user_permissions_user_id_a95ead1b_fk_auth_user_id` FOREIGN KEY (`user_id`) REFERENCES `auth_user` (`id`)
) ENGINE=InnoDB DEFAULT CHARSET=utf8mb4 COLLATE=utf8mb4_unicode_ci;
/*!40101 SET character_set_client = @saved_cs_client */;

--
-- Dumping data for table `auth_user_user_permissions`
--

LOCK TABLES `auth_user_user_permissions` WRITE;
/*!40000 ALTER TABLE `auth_user_user_permissions` DISABLE KEYS */;
/*!40000 ALTER TABLE `auth_user_user_permissions` ENABLE KEYS */;
UNLOCK TABLES;

--
-- Table structure for table `dashboard_dast`
--

DROP TABLE IF EXISTS `dashboard_dast`;
/*!40101 SET @saved_cs_client     = @@character_set_client */;
/*!50503 SET character_set_client = utf8mb4 */;
CREATE TABLE `dashboard_dast` (
  `id` bigint NOT NULL AUTO_INCREMENT,
  `link` varchar(255) COLLATE utf8mb4_unicode_ci NOT NULL,
  `create_at` datetime(6) NOT NULL,
  `nama_website` varchar(255) COLLATE utf8mb4_unicode_ci NOT NULL,
  PRIMARY KEY (`id`)
) ENGINE=InnoDB AUTO_INCREMENT=2 DEFAULT CHARSET=utf8mb4 COLLATE=utf8mb4_unicode_ci;
/*!40101 SET character_set_client = @saved_cs_client */;

--
-- Dumping data for table `dashboard_dast`
--

LOCK TABLES `dashboard_dast` WRITE;
/*!40000 ALTER TABLE `dashboard_dast` DISABLE KEYS */;
INSERT INTO `dashboard_dast` VALUES (1,'ffff','2025-09-02 03:16:28.504925','sentinel.investrpo.id/dast/hasil');
/*!40000 ALTER TABLE `dashboard_dast` ENABLE KEYS */;
UNLOCK TABLES;

--
-- Table structure for table `dashboard_sast`
--

DROP TABLE IF EXISTS `dashboard_sast`;
/*!40101 SET @saved_cs_client     = @@character_set_client */;
/*!50503 SET character_set_client = utf8mb4 */;
CREATE TABLE `dashboard_sast` (
  `id` bigint NOT NULL AUTO_INCREMENT,
  `nama_aplikasi` varchar(255) COLLATE utf8mb4_unicode_ci NOT NULL,
  `versi_aplikasi` varchar(50) COLLATE utf8mb4_unicode_ci NOT NULL,
  `hasil_scan` longtext COLLATE utf8mb4_unicode_ci NOT NULL,
  `tanggal_scan` datetime(6) NOT NULL,
  `link_hasil_scan` longtext COLLATE utf8mb4_unicode_ci NOT NULL,
  PRIMARY KEY (`id`)
) ENGINE=InnoDB AUTO_INCREMENT=2 DEFAULT CHARSET=utf8mb4 COLLATE=utf8mb4_unicode_ci;
/*!40101 SET character_set_client = @saved_cs_client */;

--
-- Dumping data for table `dashboard_sast`
--

LOCK TABLES `dashboard_sast` WRITE;
/*!40000 ALTER TABLE `dashboard_sast` DISABLE KEYS */;
INSERT INTO `dashboard_sast` VALUES (1,'wqfd','V1-344','asf','2025-09-02 03:16:45.176186','af');
/*!40000 ALTER TABLE `dashboard_sast` ENABLE KEYS */;
UNLOCK TABLES;

--
-- Table structure for table `dast_reports_dastscan`
--

DROP TABLE IF EXISTS `dast_reports_dastscan`;
/*!40101 SET @saved_cs_client     = @@character_set_client */;
/*!50503 SET character_set_client = utf8mb4 */;
CREATE TABLE `dast_reports_dastscan` (
  `id` bigint NOT NULL AUTO_INCREMENT,
  `target_url` varchar(500) COLLATE utf8mb4_unicode_ci NOT NULL,
  `scan_date` datetime(6) NOT NULL,
  `status` varchar(20) COLLATE utf8mb4_unicode_ci NOT NULL,
  `results` json DEFAULT NULL,
  `vulnerabilities_found` int NOT NULL,
  `scan_duration` bigint DEFAULT NULL,
  `active` tinyint(1) DEFAULT '1',
  `completed_date` datetime(6) DEFAULT NULL,
  `created_at` datetime(6) NOT NULL,
  `high_vulnerabilities` int NOT NULL,
  `informational_vulnerabilities` int NOT NULL,
  `low_vulnerabilities` int NOT NULL,
  `medium_vulnerabilities` int NOT NULL,
  `name` varchar(200) COLLATE utf8mb4_unicode_ci NOT NULL,
  `pages_crawled` int NOT NULL,
  `requests_made` int NOT NULL,
  `scan_config` json NOT NULL DEFAULT (_utf8mb4'{}'),
  `scan_type` varchar(20) COLLATE utf8mb4_unicode_ci NOT NULL,
  `scheduled` tinyint(1) DEFAULT '0',
  `updated_at` datetime(6) NOT NULL,
  `jenkins_build_number` int DEFAULT NULL,
  `json_report_path` varchar(500) COLLATE utf8mb4_unicode_ci DEFAULT NULL,
  PRIMARY KEY (`id`),
  UNIQUE KEY `jenkins_build_number` (`jenkins_build_number`)
) ENGINE=InnoDB AUTO_INCREMENT=18 DEFAULT CHARSET=utf8mb4 COLLATE=utf8mb4_unicode_ci;
/*!40101 SET character_set_client = @saved_cs_client */;

--
-- Dumping data for table `dast_reports_dastscan`
--

LOCK TABLES `dast_reports_dastscan` WRITE;
/*!40000 ALTER TABLE `dast_reports_dastscan` DISABLE KEYS */;
INSERT INTO `dast_reports_dastscan` VALUES (7,'https://danamon.oforu.id','2025-09-03 03:31:30.000000','completed',NULL,0,159000000,0,'2025-09-09 00:00:31.105212','2025-09-03 03:32:02.093494',0,0,0,0,'danamon',0,0,'{}','full',0,'2025-09-09 08:15:31.732651',158,'/var/lib/jenkins/workspace/DAST-Automasi/zap-reports/zap-report-158.json'),(8,'http://testphp.vulnweb.com','2025-09-03 04:01:40.000000','completed',NULL,15,159000000,0,'2025-09-08 23:55:31.054488','2025-09-03 04:02:38.281701',0,6,6,3,'http://testphp.vulnweb.com',0,0,'{}','full',0,'2025-09-09 08:15:31.730028',163,'/var/lib/jenkins/workspace/DAST-Automasi/zap-reports/zap-report-163.json'),(10,'https://unifa.ac.id','2025-09-08 02:37:08.000000','completed',NULL,15,1000000,0,'2025-09-08 09:57:18.790841','2025-09-08 02:37:23.604505',0,6,6,3,'DAST Scan',0,0,'{}','full',0,'2025-09-09 08:15:31.726342',164,'/var/lib/jenkins/workspace/DAST-Automasi/zap-reports/zap-report-164.json'),(11,'https://siska.unifa.ac.id','2025-09-08 04:08:59.000000','completed',NULL,20,1000000,0,'2025-09-08 09:55:33.865300','2025-09-08 04:09:10.198307',0,7,9,4,'siska.unifa.ac.id',0,0,'{}','full',0,'2025-09-09 08:15:31.722670',165,'/var/lib/jenkins/workspace/DAST-Automasi/zap-reports/zap-report-165.json'),(12,'https://infosulawesi.com/','2025-09-09 00:38:11.000000','completed',NULL,20,239000000,0,'2025-09-09 00:42:46.193332','2025-09-09 00:38:18.249626',1,6,6,7,'https://infosulawesi.com/DAST Scan',0,0,'{}','full',0,'2025-09-09 08:15:31.719089',166,'/var/lib/jenkins/workspace/DAST-Automasi/zap-reports/zap-report-166.json'),(13,'https://infosulawesi.com','2025-09-09 00:38:38.715652','completed','{\"site\": [{\"@ssl\": \"true\", \"@host\": \"infosulawesi.com\", \"@name\": \"https://infosulawesi.com\", \"@port\": \"443\", \"alerts\": [{\"desc\": \"<p>The response contains Personally Identifiable Information, such as CC number, SSN and similar sensitive data.</p>\", \"name\": \"PII Disclosure\", \"alert\": \"PII Disclosure\", \"count\": \"5\", \"cweid\": \"359\", \"wascid\": \"13\", \"alertRef\": \"10062\", \"pluginid\": \"10062\", \"riskcode\": \"3\", \"riskdesc\": \"High (High)\", \"solution\": \"<p>Check the response for the potential presence of personally identifiable information (PII), ensure nothing sensitive is leaked by the application.</p>\", \"sourceid\": \"1\", \"instances\": [{\"id\": \"19\", \"uri\": \"https://infosulawesi.com\", \"param\": \"\", \"attack\": \"\", \"method\": \"GET\", \"evidence\": \"4338452773883416\", \"otherinfo\": \"Credit Card Type detected: Visa\\nBank Identification Number: 433845\\nBrand: VISA\\nCategory: PLATINUM\\nIssuer: BANCO DE LA NACION ARGENTINA\"}, {\"id\": \"97\", \"uri\": \"https://infosulawesi.com/pages/kontak\", \"param\": \"\", \"attack\": \"\", \"method\": \"GET\", \"evidence\": \"4338452773883416\", \"otherinfo\": \"Credit Card Type detected: Visa\\nBank Identification Number: 433845\\nBrand: VISA\\nCategory: PLATINUM\\nIssuer: BANCO DE LA NACION ARGENTINA\"}, {\"id\": \"103\", \"uri\": \"https://infosulawesi.com/pages/media-siber\", \"param\": \"\", \"attack\": \"\", \"method\": \"GET\", \"evidence\": \"4338452773883416\", \"otherinfo\": \"Credit Card Type detected: Visa\\nBank Identification Number: 433845\\nBrand: VISA\\nCategory: PLATINUM\\nIssuer: BANCO DE LA NACION ARGENTINA\"}, {\"id\": \"135\", \"uri\": \"https://infosulawesi.com/pages/redaksi\", \"param\": \"\", \"attack\": \"\", \"method\": \"GET\", \"evidence\": \"4338452773883416\", \"otherinfo\": \"Credit Card Type detected: Visa\\nBank Identification Number: 433845\\nBrand: VISA\\nCategory: PLATINUM\\nIssuer: BANCO DE LA NACION ARGENTINA\"}, {\"id\": \"122\", \"uri\": \"https://infosulawesi.com/pages/tentang-kami\", \"param\": \"\", \"attack\": \"\", \"method\": \"GET\", \"evidence\": \"4338452773883416\", \"otherinfo\": \"Credit Card Type detected: Visa\\nBank Identification Number: 433845\\nBrand: VISA\\nCategory: PLATINUM\\nIssuer: BANCO DE LA NACION ARGENTINA\"}], \"otherinfo\": \"<p>Credit Card Type detected: Visa</p><p>Bank Identification Number: 433845</p><p>Brand: VISA</p><p>Category: PLATINUM</p><p>Issuer: BANCO DE LA NACION ARGENTINA</p>\", \"reference\": \"\", \"confidence\": \"3\"}, {\"desc\": \"<p>No Anti-CSRF tokens were found in a HTML submission form.</p><p>A cross-site request forgery is an attack that involves forcing a victim to send an HTTP request to a target destination without their knowledge or intent in order to perform an action as the victim. The underlying cause is application functionality using predictable URL/form actions in a repeatable way. The nature of the attack is that CSRF exploits the trust that a web site has for a user. By contrast, cross-site scripting (XSS) exploits the trust that a user has for a web site. Like XSS, CSRF attacks are not necessarily cross-site, but they can be. Cross-site request forgery is also known as CSRF, XSRF, one-click attack, session riding, confused deputy, and sea surf.</p><p></p><p>CSRF attacks are effective in a number of situations, including:</p><p>    * The victim has an active session on the target site.</p><p>    * The victim is authenticated via HTTP auth on the target site.</p><p>    * The victim is on the same local network as the target site.</p><p></p><p>CSRF has primarily been used to perform an action against a target site using the victim\'s privileges, but recent techniques have been discovered to disclose information by gaining access to the response. The risk of information disclosure is dramatically increased when the target site is vulnerable to XSS, because XSS can be used as a platform for CSRF, allowing the attack to operate within the bounds of the same-origin policy.</p>\", \"name\": \"Absence of Anti-CSRF Tokens\", \"alert\": \"Absence of Anti-CSRF Tokens\", \"count\": \"10\", \"cweid\": \"352\", \"wascid\": \"9\", \"alertRef\": \"10202\", \"pluginid\": \"10202\", \"riskcode\": \"2\", \"riskdesc\": \"Medium (Low)\", \"solution\": \"<p>Phase: Architecture and Design</p><p>Use a vetted library or framework that does not allow this weakness to occur or provides constructs that make this weakness easier to avoid.</p><p>For example, use anti-CSRF packages such as the OWASP CSRFGuard.</p><p></p><p>Phase: Implementation</p><p>Ensure that your application is free of cross-site scripting issues, because most CSRF defenses can be bypassed using attacker-controlled script.</p><p></p><p>Phase: Architecture and Design</p><p>Generate a unique nonce for each form, place the nonce into the form, and verify the nonce upon receipt of the form. Be sure that the nonce is not predictable (CWE-330).</p><p>Note that this can be bypassed using XSS.</p><p></p><p>Identify especially dangerous operations. When the user performs a dangerous operation, send a separate confirmation request to ensure that the user intended to perform that operation.</p><p>Note that this can be bypassed using XSS.</p><p></p><p>Use the ESAPI Session Management control.</p><p>This control includes a component for CSRF.</p><p></p><p>Do not use the GET method for any request that triggers a state change.</p><p></p><p>Phase: Implementation</p><p>Check the HTTP Referer header to see if the request originated from an expected page. This could break legitimate functionality, because users or proxies may have disabled sending the Referer for privacy reasons.</p>\", \"sourceid\": \"1\", \"instances\": [{\"id\": \"15\", \"uri\": \"https://infosulawesi.com\", \"param\": \"\", \"attack\": \"\", \"method\": \"GET\", \"evidence\": \"<form id=\\\"searchbox\\\" action=\\\"https://infosulawesi.com/search\\\" method=\\\"post\\\"  role=\\\"search\\\">\", \"otherinfo\": \"No known Anti-CSRF token [anticsrf, CSRFToken, __RequestVerificationToken, csrfmiddlewaretoken, authenticity_token, OWASP_CSRFTOKEN, anoncsrf, csrf_token, _csrf, _csrfSecret, __csrf_magic, CSRF, _token, _csrf_token, _csrfToken] was found in the following HTML form: [Form 1: \\\"search_query_top\\\" ].\"}, {\"id\": \"16\", \"uri\": \"https://infosulawesi.com\", \"param\": \"\", \"attack\": \"\", \"method\": \"GET\", \"evidence\": \"<form method=\\\"post\\\" action=\\\"https://infosulawesi.com/./\\\" role=\\\"form\\\" style=\\\"float: left; margin-top: 6px;\\\">\", \"otherinfo\": \"No known Anti-CSRF token [anticsrf, CSRFToken, __RequestVerificationToken, csrfmiddlewaretoken, authenticity_token, OWASP_CSRFTOKEN, anoncsrf, csrf_token, _csrf, _csrfSecret, __csrf_magic, CSRF, _token, _csrf_token, _csrfToken] was found in the following HTML form: [Form 2: \\\"\\\" ].\"}, {\"id\": \"93\", \"uri\": \"https://infosulawesi.com/pages/kontak\", \"param\": \"\", \"attack\": \"\", \"method\": \"GET\", \"evidence\": \"<form id=\\\"searchbox\\\" action=\\\"https://infosulawesi.com/search\\\" method=\\\"post\\\"  role=\\\"search\\\">\", \"otherinfo\": \"No known Anti-CSRF token [anticsrf, CSRFToken, __RequestVerificationToken, csrfmiddlewaretoken, authenticity_token, OWASP_CSRFTOKEN, anoncsrf, csrf_token, _csrf, _csrfSecret, __csrf_magic, CSRF, _token, _csrf_token, _csrfToken] was found in the following HTML form: [Form 1: \\\"search_query_top\\\" ].\"}, {\"id\": \"94\", \"uri\": \"https://infosulawesi.com/pages/kontak\", \"param\": \"\", \"attack\": \"\", \"method\": \"GET\", \"evidence\": \"<form method=\\\"post\\\" action=\\\"https://infosulawesi.com/./\\\" role=\\\"form\\\" style=\\\"float: left; margin-top: 6px;\\\">\", \"otherinfo\": \"No known Anti-CSRF token [anticsrf, CSRFToken, __RequestVerificationToken, csrfmiddlewaretoken, authenticity_token, OWASP_CSRFTOKEN, anoncsrf, csrf_token, _csrf, _csrfSecret, __csrf_magic, CSRF, _token, _csrf_token, _csrfToken] was found in the following HTML form: [Form 2: \\\"\\\" ].\"}, {\"id\": \"95\", \"uri\": \"https://infosulawesi.com/pages/media-siber\", \"param\": \"\", \"attack\": \"\", \"method\": \"GET\", \"evidence\": \"<form id=\\\"searchbox\\\" action=\\\"https://infosulawesi.com/search\\\" method=\\\"post\\\"  role=\\\"search\\\">\", \"otherinfo\": \"No known Anti-CSRF token [anticsrf, CSRFToken, __RequestVerificationToken, csrfmiddlewaretoken, authenticity_token, OWASP_CSRFTOKEN, anoncsrf, csrf_token, _csrf, _csrfSecret, __csrf_magic, CSRF, _token, _csrf_token, _csrfToken] was found in the following HTML form: [Form 1: \\\"search_query_top\\\" ].\"}, {\"id\": \"96\", \"uri\": \"https://infosulawesi.com/pages/media-siber\", \"param\": \"\", \"attack\": \"\", \"method\": \"GET\", \"evidence\": \"<form method=\\\"post\\\" action=\\\"https://infosulawesi.com/./\\\" role=\\\"form\\\" style=\\\"float: left; margin-top: 6px;\\\">\", \"otherinfo\": \"No known Anti-CSRF token [anticsrf, CSRFToken, __RequestVerificationToken, csrfmiddlewaretoken, authenticity_token, OWASP_CSRFTOKEN, anoncsrf, csrf_token, _csrf, _csrfSecret, __csrf_magic, CSRF, _token, _csrf_token, _csrfToken] was found in the following HTML form: [Form 2: \\\"\\\" ].\"}, {\"id\": \"128\", \"uri\": \"https://infosulawesi.com/pages/redaksi\", \"param\": \"\", \"attack\": \"\", \"method\": \"GET\", \"evidence\": \"<form id=\\\"searchbox\\\" action=\\\"https://infosulawesi.com/search\\\" method=\\\"post\\\"  role=\\\"search\\\">\", \"otherinfo\": \"No known Anti-CSRF token [anticsrf, CSRFToken, __RequestVerificationToken, csrfmiddlewaretoken, authenticity_token, OWASP_CSRFTOKEN, anoncsrf, csrf_token, _csrf, _csrfSecret, __csrf_magic, CSRF, _token, _csrf_token, _csrfToken] was found in the following HTML form: [Form 1: \\\"search_query_top\\\" ].\"}, {\"id\": \"129\", \"uri\": \"https://infosulawesi.com/pages/redaksi\", \"param\": \"\", \"attack\": \"\", \"method\": \"GET\", \"evidence\": \"<form method=\\\"post\\\" action=\\\"https://infosulawesi.com/./\\\" role=\\\"form\\\" style=\\\"float: left; margin-top: 6px;\\\">\", \"otherinfo\": \"No known Anti-CSRF token [anticsrf, CSRFToken, __RequestVerificationToken, csrfmiddlewaretoken, authenticity_token, OWASP_CSRFTOKEN, anoncsrf, csrf_token, _csrf, _csrfSecret, __csrf_magic, CSRF, _token, _csrf_token, _csrfToken] was found in the following HTML form: [Form 2: \\\"\\\" ].\"}, {\"id\": \"120\", \"uri\": \"https://infosulawesi.com/pages/tentang-kami\", \"param\": \"\", \"attack\": \"\", \"method\": \"GET\", \"evidence\": \"<form id=\\\"searchbox\\\" action=\\\"https://infosulawesi.com/search\\\" method=\\\"post\\\"  role=\\\"search\\\">\", \"otherinfo\": \"No known Anti-CSRF token [anticsrf, CSRFToken, __RequestVerificationToken, csrfmiddlewaretoken, authenticity_token, OWASP_CSRFTOKEN, anoncsrf, csrf_token, _csrf, _csrfSecret, __csrf_magic, CSRF, _token, _csrf_token, _csrfToken] was found in the following HTML form: [Form 1: \\\"search_query_top\\\" ].\"}, {\"id\": \"121\", \"uri\": \"https://infosulawesi.com/pages/tentang-kami\", \"param\": \"\", \"attack\": \"\", \"method\": \"GET\", \"evidence\": \"<form method=\\\"post\\\" action=\\\"https://infosulawesi.com/./\\\" role=\\\"form\\\" style=\\\"float: left; margin-top: 6px;\\\">\", \"otherinfo\": \"No known Anti-CSRF token [anticsrf, CSRFToken, __RequestVerificationToken, csrfmiddlewaretoken, authenticity_token, OWASP_CSRFTOKEN, anoncsrf, csrf_token, _csrf, _csrfSecret, __csrf_magic, CSRF, _token, _csrf_token, _csrfToken] was found in the following HTML form: [Form 2: \\\"\\\" ].\"}], \"otherinfo\": \"<p>No known Anti-CSRF token [anticsrf, CSRFToken, __RequestVerificationToken, csrfmiddlewaretoken, authenticity_token, OWASP_CSRFTOKEN, anoncsrf, csrf_token, _csrf, _csrfSecret, __csrf_magic, CSRF, _token, _csrf_token, _csrfToken] was found in the following HTML form: [Form 1: \\\"search_query_top\\\" ].</p>\", \"reference\": \"<p>https://cheatsheetseries.owasp.org/cheatsheets/Cross-Site_Request_Forgery_Prevention_Cheat_Sheet.html</p><p>https://cwe.mitre.org/data/definitions/352.html</p>\", \"confidence\": \"1\"}, {\"desc\": \"<p>This page contains an error/warning message that may disclose sensitive information like the location of the file that produced the unhandled exception. This information can be used to launch further attacks against the web application. The alert could be a false positive if the error message is found inside a documentation page.</p>\", \"name\": \"Application Error Disclosure\", \"alert\": \"Application Error Disclosure\", \"count\": \"11\", \"cweid\": \"550\", \"wascid\": \"13\", \"alertRef\": \"90022\", \"pluginid\": \"90022\", \"riskcode\": \"2\", \"riskdesc\": \"Medium (Medium)\", \"solution\": \"<p>Review the source code of this page. Implement custom error pages. Consider implementing a mechanism to provide a unique error reference/identifier to the client (browser) while logging the details on the server side and not exposing them to the user.</p>\", \"sourceid\": \"1\", \"instances\": [{\"id\": \"1\", \"uri\": \"https://infosulawesi.com\", \"param\": \"\", \"attack\": \"\", \"method\": \"GET\", \"evidence\": \"<b>Warning</b>:  Illegal string offset \'seotitle\' in <b>/www/wwwroot/infosulawesi.com/zg-content/themes/zagitanank/home.php</b> on line <b>34</b><br />\", \"otherinfo\": \"\"}, {\"id\": \"147\", \"uri\": \"https://infosulawesi.com/\", \"param\": \"\", \"attack\": \"\", \"method\": \"GET\", \"evidence\": \"<b>Warning</b>:  Illegal string offset \'seotitle\' in <b>/www/wwwroot/infosulawesi.com/zg-content/themes/zagitanank/home.php</b> on line <b>34</b><br />\", \"otherinfo\": \"\"}, {\"id\": \"179\", \"uri\": \"https://infosulawesi.com/category/berita\", \"param\": \"\", \"attack\": \"\", \"method\": \"GET\", \"evidence\": \"<b>Warning</b>:  Illegal string offset \'seotitle\' in <b>/www/wwwroot/infosulawesi.com/zg-content/themes/zagitanank/sidebar.php</b> on line <b>89</b><br />\", \"otherinfo\": \"\"}, {\"id\": \"177\", \"uri\": \"https://infosulawesi.com/category/ekonomi\", \"param\": \"\", \"attack\": \"\", \"method\": \"GET\", \"evidence\": \"<b>Warning</b>:  Illegal string offset \'seotitle\' in <b>/www/wwwroot/infosulawesi.com/zg-content/themes/zagitanank/sidebar.php</b> on line <b>89</b><br />\", \"otherinfo\": \"\"}, {\"id\": \"175\", \"uri\": \"https://infosulawesi.com/category/hukum\", \"param\": \"\", \"attack\": \"\", \"method\": \"GET\", \"evidence\": \"<b>Warning</b>:  Illegal string offset \'seotitle\' in <b>/www/wwwroot/infosulawesi.com/zg-content/themes/zagitanank/sidebar.php</b> on line <b>89</b><br />\", \"otherinfo\": \"\"}, {\"id\": \"183\", \"uri\": \"https://infosulawesi.com/category/nasional\", \"param\": \"\", \"attack\": \"\", \"method\": \"GET\", \"evidence\": \"<b>Warning</b>:  Illegal string offset \'seotitle\' in <b>/www/wwwroot/infosulawesi.com/zg-content/themes/zagitanank/sidebar.php</b> on line <b>89</b><br />\", \"otherinfo\": \"\"}, {\"id\": \"171\", \"uri\": \"https://infosulawesi.com/category/olahraga\", \"param\": \"\", \"attack\": \"\", \"method\": \"GET\", \"evidence\": \"<b>Warning</b>:  Illegal string offset \'seotitle\' in <b>/www/wwwroot/infosulawesi.com/zg-content/themes/zagitanank/sidebar.php</b> on line <b>89</b><br />\", \"otherinfo\": \"\"}, {\"id\": \"172\", \"uri\": \"https://infosulawesi.com/category/pariwisata\", \"param\": \"\", \"attack\": \"\", \"method\": \"GET\", \"evidence\": \"<b>Warning</b>:  Illegal string offset \'seotitle\' in <b>/www/wwwroot/infosulawesi.com/zg-content/themes/zagitanank/sidebar.php</b> on line <b>89</b><br />\", \"otherinfo\": \"\"}, {\"id\": \"167\", \"uri\": \"https://infosulawesi.com/category/politik\", \"param\": \"\", \"attack\": \"\", \"method\": \"GET\", \"evidence\": \"<b>Warning</b>:  Illegal string offset \'seotitle\' in <b>/www/wwwroot/infosulawesi.com/zg-content/themes/zagitanank/sidebar.php</b> on line <b>89</b><br />\", \"otherinfo\": \"\"}, {\"id\": \"181\", \"uri\": \"https://infosulawesi.com/category/sulawesi-selatan\", \"param\": \"\", \"attack\": \"\", \"method\": \"GET\", \"evidence\": \"<b>Warning</b>:  Illegal string offset \'seotitle\' in <b>/www/wwwroot/infosulawesi.com/zg-content/themes/zagitanank/sidebar.php</b> on line <b>89</b><br />\", \"otherinfo\": \"\"}, {\"id\": \"168\", \"uri\": \"https://infosulawesi.com/category/teknologi\", \"param\": \"\", \"attack\": \"\", \"method\": \"GET\", \"evidence\": \"<b>Warning</b>:  Illegal string offset \'seotitle\' in <b>/www/wwwroot/infosulawesi.com/zg-content/themes/zagitanank/sidebar.php</b> on line <b>89</b><br />\", \"otherinfo\": \"\"}], \"otherinfo\": \"\", \"reference\": \"\", \"confidence\": \"2\"}, {\"desc\": \"<p>The Content Security Policy fails to define one of the directives that has no fallback. Missing/excluding them is the same as allowing anything.</p>\", \"name\": \"CSP: Failure to Define Directive with No Fallback\", \"alert\": \"CSP: Failure to Define Directive with No Fallback\", \"count\": \"3\", \"cweid\": \"693\", \"wascid\": \"15\", \"alertRef\": \"10055-13\", \"pluginid\": \"10055\", \"riskcode\": \"2\", \"riskdesc\": \"Medium (High)\", \"solution\": \"<p>Ensure that your web server, application server, load balancer, etc. is properly configured to set the Content-Security-Policy header.</p>\", \"sourceid\": \"1\", \"instances\": [{\"id\": \"2\", \"uri\": \"https://infosulawesi.com\", \"param\": \"Content-Security-Policy\", \"attack\": \"\", \"method\": \"GET\", \"evidence\": \"default-src \'self\'; script-src \'self\' \'unsafe-inline\' \'unsafe-eval\'; style-src \'self\' \'unsafe-inline\'; img-src \'self\' data:;\", \"otherinfo\": \"The directive(s): frame-ancestors, form-action is/are among the directives that do not fallback to default-src.\"}, {\"id\": \"76\", \"uri\": \"https://infosulawesi.com/pages/kontak\", \"param\": \"Content-Security-Policy\", \"attack\": \"\", \"method\": \"GET\", \"evidence\": \"default-src \'self\'; script-src \'self\' \'unsafe-inline\' \'unsafe-eval\'; style-src \'self\' \'unsafe-inline\'; img-src \'self\' data:;\", \"otherinfo\": \"The directive(s): frame-ancestors, form-action is/are among the directives that do not fallback to default-src.\"}, {\"id\": \"73\", \"uri\": \"https://infosulawesi.com/pages/media-siber\", \"param\": \"Content-Security-Policy\", \"attack\": \"\", \"method\": \"GET\", \"evidence\": \"default-src \'self\'; script-src \'self\' \'unsafe-inline\' \'unsafe-eval\'; style-src \'self\' \'unsafe-inline\'; img-src \'self\' data:;\", \"otherinfo\": \"The directive(s): frame-ancestors, form-action is/are among the directives that do not fallback to default-src.\"}], \"otherinfo\": \"<p>The directive(s): frame-ancestors, form-action is/are among the directives that do not fallback to default-src.</p>\", \"reference\": \"<p>https://www.w3.org/TR/CSP/</p><p>https://caniuse.com/#search=content+security+policy</p><p>https://content-security-policy.com/</p><p>https://github.com/HtmlUnit/htmlunit-csp</p><p>https://developers.google.com/web/fundamentals/security/csp#policy_applies_to_a_wide_variety_of_resources</p>\", \"confidence\": \"3\"}, {\"desc\": \"<p>Content Security Policy (CSP) is an added layer of security that helps to detect and mitigate certain types of attacks. Including (but not limited to) Cross Site Scripting (XSS), and data injection attacks. These attacks are used for everything from data theft to site defacement or distribution of malware. CSP provides a set of standard HTTP headers that allow website owners to declare approved sources of content that browsers should be allowed to load on that page — covered types are JavaScript, CSS, HTML frames, fonts, images and embeddable objects such as Java applets, ActiveX, audio and video files.</p>\", \"name\": \"CSP: script-src unsafe-eval\", \"alert\": \"CSP: script-src unsafe-eval\", \"count\": \"3\", \"cweid\": \"693\", \"wascid\": \"15\", \"alertRef\": \"10055-10\", \"pluginid\": \"10055\", \"riskcode\": \"2\", \"riskdesc\": \"Medium (High)\", \"solution\": \"<p>Ensure that your web server, application server, load balancer, etc. is properly configured to set the Content-Security-Policy header.</p>\", \"sourceid\": \"1\", \"instances\": [{\"id\": \"5\", \"uri\": \"https://infosulawesi.com\", \"param\": \"Content-Security-Policy\", \"attack\": \"\", \"method\": \"GET\", \"evidence\": \"default-src \'self\'; script-src \'self\' \'unsafe-inline\' \'unsafe-eval\'; style-src \'self\' \'unsafe-inline\'; img-src \'self\' data:;\", \"otherinfo\": \"script-src includes unsafe-eval.\"}, {\"id\": \"81\", \"uri\": \"https://infosulawesi.com/pages/kontak\", \"param\": \"Content-Security-Policy\", \"attack\": \"\", \"method\": \"GET\", \"evidence\": \"default-src \'self\'; script-src \'self\' \'unsafe-inline\' \'unsafe-eval\'; style-src \'self\' \'unsafe-inline\'; img-src \'self\' data:;\", \"otherinfo\": \"script-src includes unsafe-eval.\"}, {\"id\": \"77\", \"uri\": \"https://infosulawesi.com/pages/media-siber\", \"param\": \"Content-Security-Policy\", \"attack\": \"\", \"method\": \"GET\", \"evidence\": \"default-src \'self\'; script-src \'self\' \'unsafe-inline\' \'unsafe-eval\'; style-src \'self\' \'unsafe-inline\'; img-src \'self\' data:;\", \"otherinfo\": \"script-src includes unsafe-eval.\"}], \"otherinfo\": \"<p>script-src includes unsafe-eval.</p>\", \"reference\": \"<p>https://www.w3.org/TR/CSP/</p><p>https://caniuse.com/#search=content+security+policy</p><p>https://content-security-policy.com/</p><p>https://github.com/HtmlUnit/htmlunit-csp</p><p>https://developers.google.com/web/fundamentals/security/csp#policy_applies_to_a_wide_variety_of_resources</p>\", \"confidence\": \"3\"}, {\"desc\": \"<p>Content Security Policy (CSP) is an added layer of security that helps to detect and mitigate certain types of attacks. Including (but not limited to) Cross Site Scripting (XSS), and data injection attacks. These attacks are used for everything from data theft to site defacement or distribution of malware. CSP provides a set of standard HTTP headers that allow website owners to declare approved sources of content that browsers should be allowed to load on that page — covered types are JavaScript, CSS, HTML frames, fonts, images and embeddable objects such as Java applets, ActiveX, audio and video files.</p>\", \"name\": \"CSP: script-src unsafe-inline\", \"alert\": \"CSP: script-src unsafe-inline\", \"count\": \"3\", \"cweid\": \"693\", \"wascid\": \"15\", \"alertRef\": \"10055-5\", \"pluginid\": \"10055\", \"riskcode\": \"2\", \"riskdesc\": \"Medium (High)\", \"solution\": \"<p>Ensure that your web server, application server, load balancer, etc. is properly configured to set the Content-Security-Policy header.</p>\", \"sourceid\": \"1\", \"instances\": [{\"id\": \"3\", \"uri\": \"https://infosulawesi.com\", \"param\": \"Content-Security-Policy\", \"attack\": \"\", \"method\": \"GET\", \"evidence\": \"default-src \'self\'; script-src \'self\' \'unsafe-inline\' \'unsafe-eval\'; style-src \'self\' \'unsafe-inline\'; img-src \'self\' data:;\", \"otherinfo\": \"script-src includes unsafe-inline.\"}, {\"id\": \"78\", \"uri\": \"https://infosulawesi.com/pages/kontak\", \"param\": \"Content-Security-Policy\", \"attack\": \"\", \"method\": \"GET\", \"evidence\": \"default-src \'self\'; script-src \'self\' \'unsafe-inline\' \'unsafe-eval\'; style-src \'self\' \'unsafe-inline\'; img-src \'self\' data:;\", \"otherinfo\": \"script-src includes unsafe-inline.\"}, {\"id\": \"74\", \"uri\": \"https://infosulawesi.com/pages/media-siber\", \"param\": \"Content-Security-Policy\", \"attack\": \"\", \"method\": \"GET\", \"evidence\": \"default-src \'self\'; script-src \'self\' \'unsafe-inline\' \'unsafe-eval\'; style-src \'self\' \'unsafe-inline\'; img-src \'self\' data:;\", \"otherinfo\": \"script-src includes unsafe-inline.\"}], \"otherinfo\": \"<p>script-src includes unsafe-inline.</p>\", \"reference\": \"<p>https://www.w3.org/TR/CSP/</p><p>https://caniuse.com/#search=content+security+policy</p><p>https://content-security-policy.com/</p><p>https://github.com/HtmlUnit/htmlunit-csp</p><p>https://developers.google.com/web/fundamentals/security/csp#policy_applies_to_a_wide_variety_of_resources</p>\", \"confidence\": \"3\"}, {\"desc\": \"<p>Content Security Policy (CSP) is an added layer of security that helps to detect and mitigate certain types of attacks. Including (but not limited to) Cross Site Scripting (XSS), and data injection attacks. These attacks are used for everything from data theft to site defacement or distribution of malware. CSP provides a set of standard HTTP headers that allow website owners to declare approved sources of content that browsers should be allowed to load on that page — covered types are JavaScript, CSS, HTML frames, fonts, images and embeddable objects such as Java applets, ActiveX, audio and video files.</p>\", \"name\": \"CSP: style-src unsafe-inline\", \"alert\": \"CSP: style-src unsafe-inline\", \"count\": \"3\", \"cweid\": \"693\", \"wascid\": \"15\", \"alertRef\": \"10055-6\", \"pluginid\": \"10055\", \"riskcode\": \"2\", \"riskdesc\": \"Medium (High)\", \"solution\": \"<p>Ensure that your web server, application server, load balancer, etc. is properly configured to set the Content-Security-Policy header.</p>\", \"sourceid\": \"1\", \"instances\": [{\"id\": \"4\", \"uri\": \"https://infosulawesi.com\", \"param\": \"Content-Security-Policy\", \"attack\": \"\", \"method\": \"GET\", \"evidence\": \"default-src \'self\'; script-src \'self\' \'unsafe-inline\' \'unsafe-eval\'; style-src \'self\' \'unsafe-inline\'; img-src \'self\' data:;\", \"otherinfo\": \"style-src includes unsafe-inline.\"}, {\"id\": \"80\", \"uri\": \"https://infosulawesi.com/pages/kontak\", \"param\": \"Content-Security-Policy\", \"attack\": \"\", \"method\": \"GET\", \"evidence\": \"default-src \'self\'; script-src \'self\' \'unsafe-inline\' \'unsafe-eval\'; style-src \'self\' \'unsafe-inline\'; img-src \'self\' data:;\", \"otherinfo\": \"style-src includes unsafe-inline.\"}, {\"id\": \"75\", \"uri\": \"https://infosulawesi.com/pages/media-siber\", \"param\": \"Content-Security-Policy\", \"attack\": \"\", \"method\": \"GET\", \"evidence\": \"default-src \'self\'; script-src \'self\' \'unsafe-inline\' \'unsafe-eval\'; style-src \'self\' \'unsafe-inline\'; img-src \'self\' data:;\", \"otherinfo\": \"style-src includes unsafe-inline.\"}], \"otherinfo\": \"<p>style-src includes unsafe-inline.</p>\", \"reference\": \"<p>https://www.w3.org/TR/CSP/</p><p>https://caniuse.com/#search=content+security+policy</p><p>https://content-security-policy.com/</p><p>https://github.com/HtmlUnit/htmlunit-csp</p><p>https://developers.google.com/web/fundamentals/security/csp#policy_applies_to_a_wide_variety_of_resources</p>\", \"confidence\": \"3\"}, {\"desc\": \"<p>The integrity attribute is missing on a script or link tag served by an external server. The integrity tag prevents an attacker who have gained access to this server from injecting a malicious content.</p>\", \"name\": \"Sub Resource Integrity Attribute Missing\", \"alert\": \"Sub Resource Integrity Attribute Missing\", \"count\": \"12\", \"cweid\": \"345\", \"wascid\": \"15\", \"alertRef\": \"90003\", \"pluginid\": \"90003\", \"riskcode\": \"2\", \"riskdesc\": \"Medium (High)\", \"solution\": \"<p>Provide a valid integrity attribute to the tag.</p>\", \"sourceid\": \"1\", \"instances\": [{\"id\": \"62\", \"uri\": \"https://infosulawesi.com\", \"param\": \"\", \"attack\": \"\", \"method\": \"GET\", \"evidence\": \"<script async src=\\\"https://fundingchoicesmessages.google.com/i/pub-4338452773883416?ers=1\\\" nonce=\\\"G20kEaBlcSyKW--lo1IPKA\\\"></script>\", \"otherinfo\": \"\"}, {\"id\": \"61\", \"uri\": \"https://infosulawesi.com\", \"param\": \"\", \"attack\": \"\", \"method\": \"GET\", \"evidence\": \"<script async src=\\\"https://pagead2.googlesyndication.com/pagead/js/adsbygoogle.js?client=ca-pub-4338452773883416\\\"\\n     crossorigin=\\\"anonymous\\\"></script>\", \"otherinfo\": \"\"}, {\"id\": \"63\", \"uri\": \"https://infosulawesi.com\", \"param\": \"\", \"attack\": \"\", \"method\": \"GET\", \"evidence\": \"<script async src=\\\"https://www.googletagmanager.com/gtag/js?id=G-VSVTGHMEW1\\\"></script>\", \"otherinfo\": \"\"}, {\"id\": \"64\", \"uri\": \"https://infosulawesi.com\", \"param\": \"\", \"attack\": \"\", \"method\": \"GET\", \"evidence\": \"<script async type=\\\"application/javascript\\\"\\n        src=\\\"https://news.google.com/swg/js/v1/swg-basic.js\\\"></script>\", \"otherinfo\": \"\"}, {\"id\": \"66\", \"uri\": \"https://infosulawesi.com\", \"param\": \"\", \"attack\": \"\", \"method\": \"GET\", \"evidence\": \"<script src=\\\"https://cdn.onesignal.com/sdks/OneSignalSDK.js\\\" defer></script>\", \"otherinfo\": \"\"}, {\"id\": \"65\", \"uri\": \"https://infosulawesi.com\", \"param\": \"\", \"attack\": \"\", \"method\": \"GET\", \"evidence\": \"<script type=\'text/javascript\' src=\'https://platform-api.sharethis.com/js/sharethis.js#property=6098621fdaac690012507b12&product=sop\' async=\'async\'></script>\", \"otherinfo\": \"\"}, {\"id\": \"110\", \"uri\": \"https://infosulawesi.com/pages/kontak\", \"param\": \"\", \"attack\": \"\", \"method\": \"GET\", \"evidence\": \"<script async src=\\\"https://fundingchoicesmessages.google.com/i/pub-4338452773883416?ers=1\\\" nonce=\\\"G20kEaBlcSyKW--lo1IPKA\\\"></script>\", \"otherinfo\": \"\"}, {\"id\": \"109\", \"uri\": \"https://infosulawesi.com/pages/kontak\", \"param\": \"\", \"attack\": \"\", \"method\": \"GET\", \"evidence\": \"<script async src=\\\"https://pagead2.googlesyndication.com/pagead/js/adsbygoogle.js?client=ca-pub-4338452773883416\\\"\\n     crossorigin=\\\"anonymous\\\"></script>\", \"otherinfo\": \"\"}, {\"id\": \"111\", \"uri\": \"https://infosulawesi.com/pages/kontak\", \"param\": \"\", \"attack\": \"\", \"method\": \"GET\", \"evidence\": \"<script async src=\\\"https://www.googletagmanager.com/gtag/js?id=G-VSVTGHMEW1\\\"></script>\", \"otherinfo\": \"\"}, {\"id\": \"112\", \"uri\": \"https://infosulawesi.com/pages/kontak\", \"param\": \"\", \"attack\": \"\", \"method\": \"GET\", \"evidence\": \"<script async type=\\\"application/javascript\\\"\\n        src=\\\"https://news.google.com/swg/js/v1/swg-basic.js\\\"></script>\", \"otherinfo\": \"\"}, {\"id\": \"114\", \"uri\": \"https://infosulawesi.com/pages/kontak\", \"param\": \"\", \"attack\": \"\", \"method\": \"GET\", \"evidence\": \"<script src=\\\"https://cdn.onesignal.com/sdks/OneSignalSDK.js\\\" defer></script>\", \"otherinfo\": \"\"}, {\"id\": \"113\", \"uri\": \"https://infosulawesi.com/pages/kontak\", \"param\": \"\", \"attack\": \"\", \"method\": \"GET\", \"evidence\": \"<script type=\'text/javascript\' src=\'https://platform-api.sharethis.com/js/sharethis.js#property=6098621fdaac690012507b12&product=sop\' async=\'async\'></script>\", \"otherinfo\": \"\"}], \"otherinfo\": \"\", \"reference\": \"<p>https://developer.mozilla.org/en-US/docs/Web/Security/Subresource_Integrity</p>\", \"confidence\": \"3\"}, {\"desc\": \"<p>A cookie has been set without the HttpOnly flag, which means that the cookie can be accessed by JavaScript. If a malicious script can be run on this page then the cookie will be accessible and can be transmitted to another site. If this is a session cookie then session hijacking may be possible.</p>\", \"name\": \"Cookie No HttpOnly Flag\", \"alert\": \"Cookie No HttpOnly Flag\", \"count\": \"8\", \"cweid\": \"1004\", \"wascid\": \"13\", \"alertRef\": \"10010\", \"pluginid\": \"10010\", \"riskcode\": \"1\", \"riskdesc\": \"Low (Medium)\", \"solution\": \"<p>Ensure that the HttpOnly flag is set for all cookies.</p>\", \"sourceid\": \"1\", \"instances\": [{\"id\": \"6\", \"uri\": \"https://infosulawesi.com\", \"param\": \"PHPSESSID\", \"attack\": \"\", \"method\": \"GET\", \"evidence\": \"Set-Cookie: PHPSESSID\", \"otherinfo\": \"\"}, {\"id\": \"148\", \"uri\": \"https://infosulawesi.com/\", \"param\": \"PHPSESSID\", \"attack\": \"\", \"method\": \"GET\", \"evidence\": \"Set-Cookie: PHPSESSID\", \"otherinfo\": \"\"}, {\"id\": \"159\", \"uri\": \"https://infosulawesi.com/pages/hak-jawab\", \"param\": \"PHPSESSID\", \"attack\": \"\", \"method\": \"GET\", \"evidence\": \"Set-Cookie: PHPSESSID\", \"otherinfo\": \"\"}, {\"id\": \"139\", \"uri\": \"https://infosulawesi.com/pages/kebijakan-privasi\", \"param\": \"PHPSESSID\", \"attack\": \"\", \"method\": \"GET\", \"evidence\": \"Set-Cookie: PHPSESSID\", \"otherinfo\": \"\"}, {\"id\": \"84\", \"uri\": \"https://infosulawesi.com/pages/kontak\", \"param\": \"PHPSESSID\", \"attack\": \"\", \"method\": \"GET\", \"evidence\": \"Set-Cookie: PHPSESSID\", \"otherinfo\": \"\"}, {\"id\": \"79\", \"uri\": \"https://infosulawesi.com/pages/media-siber\", \"param\": \"PHPSESSID\", \"attack\": \"\", \"method\": \"GET\", \"evidence\": \"Set-Cookie: PHPSESSID\", \"otherinfo\": \"\"}, {\"id\": \"125\", \"uri\": \"https://infosulawesi.com/pages/redaksi\", \"param\": \"PHPSESSID\", \"attack\": \"\", \"method\": \"GET\", \"evidence\": \"Set-Cookie: PHPSESSID\", \"otherinfo\": \"\"}, {\"id\": \"117\", \"uri\": \"https://infosulawesi.com/pages/tentang-kami\", \"param\": \"PHPSESSID\", \"attack\": \"\", \"method\": \"GET\", \"evidence\": \"Set-Cookie: PHPSESSID\", \"otherinfo\": \"\"}], \"otherinfo\": \"\", \"reference\": \"<p>https://owasp.org/www-community/HttpOnly</p>\", \"confidence\": \"2\"}, {\"desc\": \"<p>A cookie has been set without the secure flag, which means that the cookie can be accessed via unencrypted connections.</p>\", \"name\": \"Cookie Without Secure Flag\", \"alert\": \"Cookie Without Secure Flag\", \"count\": \"8\", \"cweid\": \"614\", \"wascid\": \"13\", \"alertRef\": \"10011\", \"pluginid\": \"10011\", \"riskcode\": \"1\", \"riskdesc\": \"Low (Medium)\", \"solution\": \"<p>Whenever a cookie contains sensitive information or is a session token, then it should always be passed using an encrypted channel. Ensure that the secure flag is set for cookies containing such sensitive information.</p>\", \"sourceid\": \"1\", \"instances\": [{\"id\": \"8\", \"uri\": \"https://infosulawesi.com\", \"param\": \"PHPSESSID\", \"attack\": \"\", \"method\": \"GET\", \"evidence\": \"Set-Cookie: PHPSESSID\", \"otherinfo\": \"\"}, {\"id\": \"150\", \"uri\": \"https://infosulawesi.com/\", \"param\": \"PHPSESSID\", \"attack\": \"\", \"method\": \"GET\", \"evidence\": \"Set-Cookie: PHPSESSID\", \"otherinfo\": \"\"}, {\"id\": \"161\", \"uri\": \"https://infosulawesi.com/pages/hak-jawab\", \"param\": \"PHPSESSID\", \"attack\": \"\", \"method\": \"GET\", \"evidence\": \"Set-Cookie: PHPSESSID\", \"otherinfo\": \"\"}, {\"id\": \"142\", \"uri\": \"https://infosulawesi.com/pages/kebijakan-privasi\", \"param\": \"PHPSESSID\", \"attack\": \"\", \"method\": \"GET\", \"evidence\": \"Set-Cookie: PHPSESSID\", \"otherinfo\": \"\"}, {\"id\": \"86\", \"uri\": \"https://infosulawesi.com/pages/kontak\", \"param\": \"PHPSESSID\", \"attack\": \"\", \"method\": \"GET\", \"evidence\": \"Set-Cookie: PHPSESSID\", \"otherinfo\": \"\"}, {\"id\": \"83\", \"uri\": \"https://infosulawesi.com/pages/media-siber\", \"param\": \"PHPSESSID\", \"attack\": \"\", \"method\": \"GET\", \"evidence\": \"Set-Cookie: PHPSESSID\", \"otherinfo\": \"\"}, {\"id\": \"127\", \"uri\": \"https://infosulawesi.com/pages/redaksi\", \"param\": \"PHPSESSID\", \"attack\": \"\", \"method\": \"GET\", \"evidence\": \"Set-Cookie: PHPSESSID\", \"otherinfo\": \"\"}, {\"id\": \"119\", \"uri\": \"https://infosulawesi.com/pages/tentang-kami\", \"param\": \"PHPSESSID\", \"attack\": \"\", \"method\": \"GET\", \"evidence\": \"Set-Cookie: PHPSESSID\", \"otherinfo\": \"\"}], \"otherinfo\": \"\", \"reference\": \"<p>https://owasp.org/www-project-web-security-testing-guide/v41/4-Web_Application_Security_Testing/06-Session_Management_Testing/02-Testing_for_Cookies_Attributes.html</p>\", \"confidence\": \"2\"}, {\"desc\": \"<p>A cookie has been set without the SameSite attribute, which means that the cookie can be sent as a result of a \'cross-site\' request. The SameSite attribute is an effective counter measure to cross-site request forgery, cross-site script inclusion, and timing attacks.</p>\", \"name\": \"Cookie without SameSite Attribute\", \"alert\": \"Cookie without SameSite Attribute\", \"count\": \"8\", \"cweid\": \"1275\", \"wascid\": \"13\", \"alertRef\": \"10054-1\", \"pluginid\": \"10054\", \"riskcode\": \"1\", \"riskdesc\": \"Low (Medium)\", \"solution\": \"<p>Ensure that the SameSite attribute is set to either \'lax\' or ideally \'strict\' for all cookies.</p>\", \"sourceid\": \"1\", \"instances\": [{\"id\": \"7\", \"uri\": \"https://infosulawesi.com\", \"param\": \"PHPSESSID\", \"attack\": \"\", \"method\": \"GET\", \"evidence\": \"Set-Cookie: PHPSESSID\", \"otherinfo\": \"\"}, {\"id\": \"149\", \"uri\": \"https://infosulawesi.com/\", \"param\": \"PHPSESSID\", \"attack\": \"\", \"method\": \"GET\", \"evidence\": \"Set-Cookie: PHPSESSID\", \"otherinfo\": \"\"}, {\"id\": \"160\", \"uri\": \"https://infosulawesi.com/pages/hak-jawab\", \"param\": \"PHPSESSID\", \"attack\": \"\", \"method\": \"GET\", \"evidence\": \"Set-Cookie: PHPSESSID\", \"otherinfo\": \"\"}, {\"id\": \"141\", \"uri\": \"https://infosulawesi.com/pages/kebijakan-privasi\", \"param\": \"PHPSESSID\", \"attack\": \"\", \"method\": \"GET\", \"evidence\": \"Set-Cookie: PHPSESSID\", \"otherinfo\": \"\"}, {\"id\": \"85\", \"uri\": \"https://infosulawesi.com/pages/kontak\", \"param\": \"PHPSESSID\", \"attack\": \"\", \"method\": \"GET\", \"evidence\": \"Set-Cookie: PHPSESSID\", \"otherinfo\": \"\"}, {\"id\": \"82\", \"uri\": \"https://infosulawesi.com/pages/media-siber\", \"param\": \"PHPSESSID\", \"attack\": \"\", \"method\": \"GET\", \"evidence\": \"Set-Cookie: PHPSESSID\", \"otherinfo\": \"\"}, {\"id\": \"126\", \"uri\": \"https://infosulawesi.com/pages/redaksi\", \"param\": \"PHPSESSID\", \"attack\": \"\", \"method\": \"GET\", \"evidence\": \"Set-Cookie: PHPSESSID\", \"otherinfo\": \"\"}, {\"id\": \"118\", \"uri\": \"https://infosulawesi.com/pages/tentang-kami\", \"param\": \"PHPSESSID\", \"attack\": \"\", \"method\": \"GET\", \"evidence\": \"Set-Cookie: PHPSESSID\", \"otherinfo\": \"\"}], \"otherinfo\": \"\", \"reference\": \"<p>https://tools.ietf.org/html/draft-ietf-httpbis-cookie-same-site</p>\", \"confidence\": \"2\"}, {\"desc\": \"<p>The page includes one or more script files from a third-party domain.</p>\", \"name\": \"Cross-Domain JavaScript Source File Inclusion\", \"alert\": \"Cross-Domain JavaScript Source File Inclusion\", \"count\": \"12\", \"cweid\": \"829\", \"wascid\": \"15\", \"alertRef\": \"10017\", \"pluginid\": \"10017\", \"riskcode\": \"1\", \"riskdesc\": \"Low (Medium)\", \"solution\": \"<p>Ensure JavaScript source files are loaded from only trusted sources, and the sources can\'t be controlled by end users of the application.</p>\", \"sourceid\": \"1\", \"instances\": [{\"id\": \"14\", \"uri\": \"https://infosulawesi.com\", \"param\": \"https://cdn.onesignal.com/sdks/OneSignalSDK.js\", \"attack\": \"\", \"method\": \"GET\", \"evidence\": \"<script src=\\\"https://cdn.onesignal.com/sdks/OneSignalSDK.js\\\" defer></script>\", \"otherinfo\": \"\"}, {\"id\": \"10\", \"uri\": \"https://infosulawesi.com\", \"param\": \"https://fundingchoicesmessages.google.com/i/pub-4338452773883416?ers=1\", \"attack\": \"\", \"method\": \"GET\", \"evidence\": \"<script async src=\\\"https://fundingchoicesmessages.google.com/i/pub-4338452773883416?ers=1\\\" nonce=\\\"G20kEaBlcSyKW--lo1IPKA\\\"></script>\", \"otherinfo\": \"\"}, {\"id\": \"12\", \"uri\": \"https://infosulawesi.com\", \"param\": \"https://news.google.com/swg/js/v1/swg-basic.js\", \"attack\": \"\", \"method\": \"GET\", \"evidence\": \"<script async type=\\\"application/javascript\\\"\\n        src=\\\"https://news.google.com/swg/js/v1/swg-basic.js\\\"></script>\", \"otherinfo\": \"\"}, {\"id\": \"9\", \"uri\": \"https://infosulawesi.com\", \"param\": \"https://pagead2.googlesyndication.com/pagead/js/adsbygoogle.js?client=ca-pub-4338452773883416\", \"attack\": \"\", \"method\": \"GET\", \"evidence\": \"<script async src=\\\"https://pagead2.googlesyndication.com/pagead/js/adsbygoogle.js?client=ca-pub-4338452773883416\\\"\\n     crossorigin=\\\"anonymous\\\"></script>\", \"otherinfo\": \"\"}, {\"id\": \"13\", \"uri\": \"https://infosulawesi.com\", \"param\": \"https://platform-api.sharethis.com/js/sharethis.js#property=6098621fdaac690012507b12&product=sop\", \"attack\": \"\", \"method\": \"GET\", \"evidence\": \"<script type=\'text/javascript\' src=\'https://platform-api.sharethis.com/js/sharethis.js#property=6098621fdaac690012507b12&product=sop\' async=\'async\'></script>\", \"otherinfo\": \"\"}, {\"id\": \"11\", \"uri\": \"https://infosulawesi.com\", \"param\": \"https://www.googletagmanager.com/gtag/js?id=G-VSVTGHMEW1\", \"attack\": \"\", \"method\": \"GET\", \"evidence\": \"<script async src=\\\"https://www.googletagmanager.com/gtag/js?id=G-VSVTGHMEW1\\\"></script>\", \"otherinfo\": \"\"}, {\"id\": \"92\", \"uri\": \"https://infosulawesi.com/pages/kontak\", \"param\": \"https://cdn.onesignal.com/sdks/OneSignalSDK.js\", \"attack\": \"\", \"method\": \"GET\", \"evidence\": \"<script src=\\\"https://cdn.onesignal.com/sdks/OneSignalSDK.js\\\" defer></script>\", \"otherinfo\": \"\"}, {\"id\": \"88\", \"uri\": \"https://infosulawesi.com/pages/kontak\", \"param\": \"https://fundingchoicesmessages.google.com/i/pub-4338452773883416?ers=1\", \"attack\": \"\", \"method\": \"GET\", \"evidence\": \"<script async src=\\\"https://fundingchoicesmessages.google.com/i/pub-4338452773883416?ers=1\\\" nonce=\\\"G20kEaBlcSyKW--lo1IPKA\\\"></script>\", \"otherinfo\": \"\"}, {\"id\": \"90\", \"uri\": \"https://infosulawesi.com/pages/kontak\", \"param\": \"https://news.google.com/swg/js/v1/swg-basic.js\", \"attack\": \"\", \"method\": \"GET\", \"evidence\": \"<script async type=\\\"application/javascript\\\"\\n        src=\\\"https://news.google.com/swg/js/v1/swg-basic.js\\\"></script>\", \"otherinfo\": \"\"}, {\"id\": \"87\", \"uri\": \"https://infosulawesi.com/pages/kontak\", \"param\": \"https://pagead2.googlesyndication.com/pagead/js/adsbygoogle.js?client=ca-pub-4338452773883416\", \"attack\": \"\", \"method\": \"GET\", \"evidence\": \"<script async src=\\\"https://pagead2.googlesyndication.com/pagead/js/adsbygoogle.js?client=ca-pub-4338452773883416\\\"\\n     crossorigin=\\\"anonymous\\\"></script>\", \"otherinfo\": \"\"}, {\"id\": \"91\", \"uri\": \"https://infosulawesi.com/pages/kontak\", \"param\": \"https://platform-api.sharethis.com/js/sharethis.js#property=6098621fdaac690012507b12&product=sop\", \"attack\": \"\", \"method\": \"GET\", \"evidence\": \"<script type=\'text/javascript\' src=\'https://platform-api.sharethis.com/js/sharethis.js#property=6098621fdaac690012507b12&product=sop\' async=\'async\'></script>\", \"otherinfo\": \"\"}, {\"id\": \"89\", \"uri\": \"https://infosulawesi.com/pages/kontak\", \"param\": \"https://www.googletagmanager.com/gtag/js?id=G-VSVTGHMEW1\", \"attack\": \"\", \"method\": \"GET\", \"evidence\": \"<script async src=\\\"https://www.googletagmanager.com/gtag/js?id=G-VSVTGHMEW1\\\"></script>\", \"otherinfo\": \"\"}], \"otherinfo\": \"\", \"reference\": \"\", \"confidence\": \"2\"}, {\"desc\": \"<p>Cross-Origin-Resource-Policy header is an opt-in header designed to counter side-channels attacks like Spectre. Resource should be specifically set as shareable amongst different origins.</p>\", \"name\": \"Insufficient Site Isolation Against Spectre Vulnerability\", \"alert\": \"Insufficient Site Isolation Against Spectre Vulnerability\", \"count\": \"13\", \"cweid\": \"693\", \"wascid\": \"14\", \"alertRef\": \"90004-1\", \"pluginid\": \"90004\", \"riskcode\": \"1\", \"riskdesc\": \"Low (Medium)\", \"solution\": \"<p>Ensure that the application/web server sets the Cross-Origin-Resource-Policy header appropriately, and that it sets the Cross-Origin-Resource-Policy header to \'same-origin\' for all web pages.</p><p>\'same-site\' is considered as less secured and should be avoided.</p><p>If resources must be shared, set the header to \'cross-origin\'.</p><p>If possible, ensure that the end user uses a standards-compliant and modern web browser that supports the Cross-Origin-Resource-Policy header (https://caniuse.com/mdn-http_headers_cross-origin-resource-policy).</p>\", \"sourceid\": \"1\", \"instances\": [{\"id\": \"58\", \"uri\": \"https://infosulawesi.com\", \"param\": \"Cross-Origin-Resource-Policy\", \"attack\": \"\", \"method\": \"GET\", \"evidence\": \"\", \"otherinfo\": \"\"}, {\"id\": \"100\", \"uri\": \"https://infosulawesi.com/pages/kontak\", \"param\": \"Cross-Origin-Resource-Policy\", \"attack\": \"\", \"method\": \"GET\", \"evidence\": \"\", \"otherinfo\": \"\"}, {\"id\": \"106\", \"uri\": \"https://infosulawesi.com/pages/media-siber\", \"param\": \"Cross-Origin-Resource-Policy\", \"attack\": \"\", \"method\": \"GET\", \"evidence\": \"\", \"otherinfo\": \"\"}, {\"id\": \"56\", \"uri\": \"https://infosulawesi.com/robots.txt\", \"param\": \"Cross-Origin-Resource-Policy\", \"attack\": \"\", \"method\": \"GET\", \"evidence\": \"\", \"otherinfo\": \"\"}, {\"id\": \"70\", \"uri\": \"https://infosulawesi.com/sitemap.xml\", \"param\": \"Cross-Origin-Resource-Policy\", \"attack\": \"\", \"method\": \"GET\", \"evidence\": \"\", \"otherinfo\": \"\"}, {\"id\": \"59\", \"uri\": \"https://infosulawesi.com\", \"param\": \"Cross-Origin-Embedder-Policy\", \"attack\": \"\", \"method\": \"GET\", \"evidence\": \"\", \"otherinfo\": \"\"}, {\"id\": \"101\", \"uri\": \"https://infosulawesi.com/pages/kontak\", \"param\": \"Cross-Origin-Embedder-Policy\", \"attack\": \"\", \"method\": \"GET\", \"evidence\": \"\", \"otherinfo\": \"\"}, {\"id\": \"107\", \"uri\": \"https://infosulawesi.com/pages/media-siber\", \"param\": \"Cross-Origin-Embedder-Policy\", \"attack\": \"\", \"method\": \"GET\", \"evidence\": \"\", \"otherinfo\": \"\"}, {\"id\": \"71\", \"uri\": \"https://infosulawesi.com/sitemap.xml\", \"param\": \"Cross-Origin-Embedder-Policy\", \"attack\": \"\", \"method\": \"GET\", \"evidence\": \"\", \"otherinfo\": \"\"}, {\"id\": \"60\", \"uri\": \"https://infosulawesi.com\", \"param\": \"Cross-Origin-Opener-Policy\", \"attack\": \"\", \"method\": \"GET\", \"evidence\": \"\", \"otherinfo\": \"\"}, {\"id\": \"102\", \"uri\": \"https://infosulawesi.com/pages/kontak\", \"param\": \"Cross-Origin-Opener-Policy\", \"attack\": \"\", \"method\": \"GET\", \"evidence\": \"\", \"otherinfo\": \"\"}, {\"id\": \"108\", \"uri\": \"https://infosulawesi.com/pages/media-siber\", \"param\": \"Cross-Origin-Opener-Policy\", \"attack\": \"\", \"method\": \"GET\", \"evidence\": \"\", \"otherinfo\": \"\"}, {\"id\": \"72\", \"uri\": \"https://infosulawesi.com/sitemap.xml\", \"param\": \"Cross-Origin-Opener-Policy\", \"attack\": \"\", \"method\": \"GET\", \"evidence\": \"\", \"otherinfo\": \"\"}], \"otherinfo\": \"\", \"reference\": \"<p>https://developer.mozilla.org/en-US/docs/Web/HTTP/Cross-Origin_Resource_Policy</p>\", \"confidence\": \"2\"}, {\"desc\": \"<p>A timestamp was disclosed by the application/web server. - Unix</p>\", \"name\": \"Timestamp Disclosure - Unix\", \"alert\": \"Timestamp Disclosure - Unix\", \"count\": \"16\", \"cweid\": \"497\", \"wascid\": \"13\", \"alertRef\": \"10096\", \"pluginid\": \"10096\", \"riskcode\": \"1\", \"riskdesc\": \"Low (Low)\", \"solution\": \"<p>Manually confirm that the timestamp data is not sensitive, and that the data cannot be aggregated to disclose exploitable patterns.</p>\", \"sourceid\": \"1\", \"instances\": [{\"id\": \"23\", \"uri\": \"https://infosulawesi.com\", \"param\": \"\", \"attack\": \"\", \"method\": \"GET\", \"evidence\": \"1617117152\", \"otherinfo\": \"1617117152, which evaluates to: 2021-03-30 15:12:32.\"}, {\"id\": \"24\", \"uri\": \"https://infosulawesi.com\", \"param\": \"\", \"attack\": \"\", \"method\": \"GET\", \"evidence\": \"1617117154\", \"otherinfo\": \"1617117154, which evaluates to: 2021-03-30 15:12:34.\"}, {\"id\": \"34\", \"uri\": \"https://infosulawesi.com\", \"param\": \"\", \"attack\": \"\", \"method\": \"GET\", \"evidence\": \"1617117178\", \"otherinfo\": \"1617117178, which evaluates to: 2021-03-30 15:12:58.\"}, {\"id\": \"36\", \"uri\": \"https://infosulawesi.com\", \"param\": \"\", \"attack\": \"\", \"method\": \"GET\", \"evidence\": \"1617117180\", \"otherinfo\": \"1617117180, which evaluates to: 2021-03-30 15:13:00.\"}, {\"id\": \"35\", \"uri\": \"https://infosulawesi.com\", \"param\": \"\", \"attack\": \"\", \"method\": \"GET\", \"evidence\": \"1617117182\", \"otherinfo\": \"1617117182, which evaluates to: 2021-03-30 15:13:02.\"}, {\"id\": \"43\", \"uri\": \"https://infosulawesi.com\", \"param\": \"\", \"attack\": \"\", \"method\": \"GET\", \"evidence\": \"1617117186\", \"otherinfo\": \"1617117186, which evaluates to: 2021-03-30 15:13:06.\"}, {\"id\": \"42\", \"uri\": \"https://infosulawesi.com\", \"param\": \"\", \"attack\": \"\", \"method\": \"GET\", \"evidence\": \"1617117188\", \"otherinfo\": \"1617117188, which evaluates to: 2021-03-30 15:13:08.\"}, {\"id\": \"45\", \"uri\": \"https://infosulawesi.com\", \"param\": \"\", \"attack\": \"\", \"method\": \"GET\", \"evidence\": \"1617117190\", \"otherinfo\": \"1617117190, which evaluates to: 2021-03-30 15:13:10.\"}, {\"id\": \"40\", \"uri\": \"https://infosulawesi.com\", \"param\": \"\", \"attack\": \"\", \"method\": \"GET\", \"evidence\": \"1617117192\", \"otherinfo\": \"1617117192, which evaluates to: 2021-03-30 15:13:12.\"}, {\"id\": \"25\", \"uri\": \"https://infosulawesi.com\", \"param\": \"\", \"attack\": \"\", \"method\": \"GET\", \"evidence\": \"1618225395\", \"otherinfo\": \"1618225395, which evaluates to: 2021-04-12 11:03:15.\"}, {\"id\": \"30\", \"uri\": \"https://infosulawesi.com\", \"param\": \"\", \"attack\": \"\", \"method\": \"GET\", \"evidence\": \"1676375148\", \"otherinfo\": \"1676375148, which evaluates to: 2023-02-14 11:45:48.\"}, {\"id\": \"39\", \"uri\": \"https://infosulawesi.com\", \"param\": \"\", \"attack\": \"\", \"method\": \"GET\", \"evidence\": \"1678594551\", \"otherinfo\": \"1678594551, which evaluates to: 2023-03-12 04:15:51.\"}, {\"id\": \"29\", \"uri\": \"https://infosulawesi.com\", \"param\": \"\", \"attack\": \"\", \"method\": \"GET\", \"evidence\": \"1688213297\", \"otherinfo\": \"1688213297, which evaluates to: 2023-07-01 12:08:17.\"}, {\"id\": \"54\", \"uri\": \"https://infosulawesi.com\", \"param\": \"\", \"attack\": \"\", \"method\": \"GET\", \"evidence\": \"1700932933\", \"otherinfo\": \"1700932933, which evaluates to: 2023-11-25 17:22:13.\"}, {\"id\": \"31\", \"uri\": \"https://infosulawesi.com\", \"param\": \"\", \"attack\": \"\", \"method\": \"GET\", \"evidence\": \"1700933151\", \"otherinfo\": \"1700933151, which evaluates to: 2023-11-25 17:25:51.\"}, {\"id\": \"33\", \"uri\": \"https://infosulawesi.com\", \"param\": \"\", \"attack\": \"\", \"method\": \"GET\", \"evidence\": \"1757332008\", \"otherinfo\": \"1757332008, which evaluates to: 2025-09-08 11:46:48.\"}], \"otherinfo\": \"<p>1617117152, which evaluates to: 2021-03-30 15:12:32.</p>\", \"reference\": \"<p>https://cwe.mitre.org/data/definitions/200.html</p>\", \"confidence\": \"1\"}, {\"desc\": \"<p>The response appears to contain suspicious comments which may help an attacker.</p>\", \"name\": \"Information Disclosure - Suspicious Comments\", \"alert\": \"Information Disclosure - Suspicious Comments\", \"count\": \"2\", \"cweid\": \"615\", \"wascid\": \"13\", \"alertRef\": \"10027\", \"pluginid\": \"10027\", \"riskcode\": \"0\", \"riskdesc\": \"Informational (Medium)\", \"solution\": \"<p>Remove all comments that return information that may help an attacker and fix any underlying problems they refer to.</p>\", \"sourceid\": \"1\", \"instances\": [{\"id\": \"17\", \"uri\": \"https://infosulawesi.com\", \"param\": \"\", \"attack\": \"\", \"method\": \"GET\", \"evidence\": \"select\", \"otherinfo\": \"The following pattern was used: \\\\bSELECT\\\\b and was detected 2 times, the first in likely comment: \\\"<!--                          <select id=\\\"kota\\\" class=\\\"custom-select\\\" style=\\\"width: auto!important;\\\">-->\\\", see evidence field for the suspicious comment/snippet.\"}, {\"id\": \"153\", \"uri\": \"https://infosulawesi.com/\", \"param\": \"\", \"attack\": \"\", \"method\": \"GET\", \"evidence\": \"select\", \"otherinfo\": \"The following pattern was used: \\\\bSELECT\\\\b and was detected 2 times, the first in likely comment: \\\"<!--                          <select id=\\\"kota\\\" class=\\\"custom-select\\\" style=\\\"width: auto!important;\\\">-->\\\", see evidence field for the suspicious comment/snippet.\"}], \"otherinfo\": \"<p>The following pattern was used: \\\\bSELECT\\\\b and was detected 2 times, the first in likely comment: \\\"<!--                          <select id=\\\"kota\\\" class=\\\"custom-select\\\" style=\\\"width: auto!important;\\\">-->\\\", see evidence field for the suspicious comment/snippet.</p>\", \"reference\": \"\", \"confidence\": \"2\"}, {\"desc\": \"<p>The application appears to be a modern web application. If you need to explore it automatically then the Ajax Spider may well be more effective than the standard one.</p>\", \"name\": \"Modern Web Application\", \"alert\": \"Modern Web Application\", \"count\": \"11\", \"cweid\": \"-1\", \"wascid\": \"-1\", \"alertRef\": \"10109\", \"pluginid\": \"10109\", \"riskcode\": \"0\", \"riskdesc\": \"Informational (Medium)\", \"solution\": \"<p>This is an informational alert and so no changes are required.</p>\", \"sourceid\": \"1\", \"instances\": [{\"id\": \"18\", \"uri\": \"https://infosulawesi.com\", \"param\": \"\", \"attack\": \"\", \"method\": \"GET\", \"evidence\": \"<a rel=\\\"author\\\" title=\\\"Dipost Oleh Admin\\\">\\n                                                        Admin                                                    </a>\", \"otherinfo\": \"Links have been found that do not have traditional href attributes, which is an indication that this is a modern web application.\"}, {\"id\": \"154\", \"uri\": \"https://infosulawesi.com/\", \"param\": \"\", \"attack\": \"\", \"method\": \"GET\", \"evidence\": \"<a rel=\\\"author\\\" title=\\\"Dipost Oleh Admin\\\">\\n                                                        Admin                                                    </a>\", \"otherinfo\": \"Links have been found that do not have traditional href attributes, which is an indication that this is a modern web application.\"}, {\"id\": \"180\", \"uri\": \"https://infosulawesi.com/category/berita\", \"param\": \"\", \"attack\": \"\", \"method\": \"GET\", \"evidence\": \"<a>Sebelumnya</a>\", \"otherinfo\": \"Links have been found that do not have traditional href attributes, which is an indication that this is a modern web application.\"}, {\"id\": \"178\", \"uri\": \"https://infosulawesi.com/category/ekonomi\", \"param\": \"\", \"attack\": \"\", \"method\": \"GET\", \"evidence\": \"<a>Sebelumnya</a>\", \"otherinfo\": \"Links have been found that do not have traditional href attributes, which is an indication that this is a modern web application.\"}, {\"id\": \"176\", \"uri\": \"https://infosulawesi.com/category/hukum\", \"param\": \"\", \"attack\": \"\", \"method\": \"GET\", \"evidence\": \"<a>Sebelumnya</a>\", \"otherinfo\": \"Links have been found that do not have traditional href attributes, which is an indication that this is a modern web application.\"}, {\"id\": \"184\", \"uri\": \"https://infosulawesi.com/category/nasional\", \"param\": \"\", \"attack\": \"\", \"method\": \"GET\", \"evidence\": \"<a>Sebelumnya</a>\", \"otherinfo\": \"Links have been found that do not have traditional href attributes, which is an indication that this is a modern web application.\"}, {\"id\": \"174\", \"uri\": \"https://infosulawesi.com/category/olahraga\", \"param\": \"\", \"attack\": \"\", \"method\": \"GET\", \"evidence\": \"<a>Sebelumnya</a>\", \"otherinfo\": \"Links have been found that do not have traditional href attributes, which is an indication that this is a modern web application.\"}, {\"id\": \"173\", \"uri\": \"https://infosulawesi.com/category/pariwisata\", \"param\": \"\", \"attack\": \"\", \"method\": \"GET\", \"evidence\": \"<a>Sebelumnya</a>\", \"otherinfo\": \"Links have been found that do not have traditional href attributes, which is an indication that this is a modern web application.\"}, {\"id\": \"170\", \"uri\": \"https://infosulawesi.com/category/politik\", \"param\": \"\", \"attack\": \"\", \"method\": \"GET\", \"evidence\": \"<a>Sebelumnya</a>\", \"otherinfo\": \"Links have been found that do not have traditional href attributes, which is an indication that this is a modern web application.\"}, {\"id\": \"182\", \"uri\": \"https://infosulawesi.com/category/sulawesi-selatan\", \"param\": \"\", \"attack\": \"\", \"method\": \"GET\", \"evidence\": \"<a>Sebelumnya</a>\", \"otherinfo\": \"Links have been found that do not have traditional href attributes, which is an indication that this is a modern web application.\"}, {\"id\": \"169\", \"uri\": \"https://infosulawesi.com/category/teknologi\", \"param\": \"\", \"attack\": \"\", \"method\": \"GET\", \"evidence\": \"<a>Sebelumnya</a>\", \"otherinfo\": \"Links have been found that do not have traditional href attributes, which is an indication that this is a modern web application.\"}], \"otherinfo\": \"<p>Links have been found that do not have traditional href attributes, which is an indication that this is a modern web application.</p>\", \"reference\": \"\", \"confidence\": \"2\"}, {\"desc\": \"<p>The response contents are not storable by caching components such as proxy servers. If the response does not contain sensitive, personal or user-specific information, it may benefit from being stored and cached, to improve performance.</p>\", \"name\": \"Non-Storable Content\", \"alert\": \"Non-Storable Content\", \"count\": \"9\", \"cweid\": \"524\", \"wascid\": \"13\", \"alertRef\": \"10049\", \"pluginid\": \"10049\", \"riskcode\": \"0\", \"riskdesc\": \"Informational (Medium)\", \"solution\": \"<p>The content may be marked as storable by ensuring that the following conditions are satisfied:</p><p>The request method must be understood by the cache and defined as being cacheable (\\\"GET\\\", \\\"HEAD\\\", and \\\"POST\\\" are currently defined as cacheable)</p><p>The response status code must be understood by the cache (one of the 1XX, 2XX, 3XX, 4XX, or 5XX response classes are generally understood)</p><p>The \\\"no-store\\\" cache directive must not appear in the request or response header fields</p><p>For caching by \\\"shared\\\" caches such as \\\"proxy\\\" caches, the \\\"private\\\" response directive must not appear in the response</p><p>For caching by \\\"shared\\\" caches such as \\\"proxy\\\" caches, the \\\"Authorization\\\" header field must not appear in the request, unless the response explicitly allows it (using one of the \\\"must-revalidate\\\", \\\"public\\\", or \\\"s-maxage\\\" Cache-Control response directives)</p><p>In addition to the conditions above, at least one of the following conditions must also be satisfied by the response:</p><p>It must contain an \\\"Expires\\\" header field</p><p>It must contain a \\\"max-age\\\" response directive</p><p>For \\\"shared\\\" caches such as \\\"proxy\\\" caches, it must contain a \\\"s-maxage\\\" response directive</p><p>It must contain a \\\"Cache Control Extension\\\" that allows it to be cached</p><p>It must have a status code that is defined as cacheable by default (200, 203, 204, 206, 300, 301, 404, 405, 410, 414, 501).</p>\", \"sourceid\": \"1\", \"instances\": [{\"id\": \"57\", \"uri\": \"https://infosulawesi.com\", \"param\": \"\", \"attack\": \"\", \"method\": \"GET\", \"evidence\": \"no-store\", \"otherinfo\": \"\"}, {\"id\": \"155\", \"uri\": \"https://infosulawesi.com/\", \"param\": \"\", \"attack\": \"\", \"method\": \"GET\", \"evidence\": \"no-store\", \"otherinfo\": \"\"}, {\"id\": \"143\", \"uri\": \"https://infosulawesi.com/pages/kebijakan-privasi\", \"param\": \"\", \"attack\": \"\", \"method\": \"GET\", \"evidence\": \"no-store\", \"otherinfo\": \"\"}, {\"id\": \"158\", \"uri\": \"https://infosulawesi.com/pages/kode-etik\", \"param\": \"\", \"attack\": \"\", \"method\": \"GET\", \"evidence\": \"no-store\", \"otherinfo\": \"\"}, {\"id\": \"99\", \"uri\": \"https://infosulawesi.com/pages/kontak\", \"param\": \"\", \"attack\": \"\", \"method\": \"GET\", \"evidence\": \"no-store\", \"otherinfo\": \"\"}, {\"id\": \"105\", \"uri\": \"https://infosulawesi.com/pages/media-siber\", \"param\": \"\", \"attack\": \"\", \"method\": \"GET\", \"evidence\": \"no-store\", \"otherinfo\": \"\"}, {\"id\": \"140\", \"uri\": \"https://infosulawesi.com/pages/redaksi\", \"param\": \"\", \"attack\": \"\", \"method\": \"GET\", \"evidence\": \"no-store\", \"otherinfo\": \"\"}, {\"id\": \"163\", \"uri\": \"https://infosulawesi.com/pages/sop-perlindungan-wartawan\", \"param\": \"\", \"attack\": \"\", \"method\": \"GET\", \"evidence\": \"no-store\", \"otherinfo\": \"\"}, {\"id\": \"124\", \"uri\": \"https://infosulawesi.com/pages/tentang-kami\", \"param\": \"\", \"attack\": \"\", \"method\": \"GET\", \"evidence\": \"no-store\", \"otherinfo\": \"\"}], \"otherinfo\": \"\", \"reference\": \"<p>https://datatracker.ietf.org/doc/html/rfc7234</p><p>https://datatracker.ietf.org/doc/html/rfc7231</p><p>https://www.w3.org/Protocols/rfc2616/rfc2616-sec13.html</p>\", \"confidence\": \"2\"}, {\"desc\": \"<p>The cache-control header has not been set properly or is missing, allowing the browser and proxies to cache content. For static assets like css, js, or image files this might be intended, however, the resources should be reviewed to ensure that no sensitive content will be cached.</p>\", \"name\": \"Re-examine Cache-control Directives\", \"alert\": \"Re-examine Cache-control Directives\", \"count\": \"2\", \"cweid\": \"525\", \"wascid\": \"13\", \"alertRef\": \"10015\", \"pluginid\": \"10015\", \"riskcode\": \"0\", \"riskdesc\": \"Informational (Low)\", \"solution\": \"<p>For secure content, ensure the cache-control HTTP header is set with \\\"no-cache, no-store, must-revalidate\\\". If an asset should be cached consider setting the directives \\\"public, max-age, immutable\\\".</p>\", \"sourceid\": \"6\", \"instances\": [{\"id\": \"0\", \"uri\": \"https://infosulawesi.com/robots.txt\", \"param\": \"cache-control\", \"attack\": \"\", \"method\": \"GET\", \"evidence\": \"\", \"otherinfo\": \"\"}, {\"id\": \"68\", \"uri\": \"https://infosulawesi.com/sitemap.xml\", \"param\": \"cache-control\", \"attack\": \"\", \"method\": \"GET\", \"evidence\": \"\", \"otherinfo\": \"\"}], \"otherinfo\": \"\", \"reference\": \"<p>https://cheatsheetseries.owasp.org/cheatsheets/Session_Management_Cheat_Sheet.html#web-content-caching</p><p>https://developer.mozilla.org/en-US/docs/Web/HTTP/Headers/Cache-Control</p><p>https://grayduck.mn/2021/09/13/cache-control-recommendations/</p>\", \"confidence\": \"1\"}, {\"desc\": \"<p>The given response has been identified as containing a session management token. The \'Other Info\' field contains a set of header tokens that can be used in the Header Based Session Management Method. If the request is in a context which has a Session Management Method set to \\\"Auto-Detect\\\" then this rule will change the session management to use the tokens identified.</p>\", \"name\": \"Session Management Response Identified\", \"alert\": \"Session Management Response Identified\", \"count\": \"11\", \"cweid\": \"-1\", \"wascid\": \"-1\", \"alertRef\": \"10112\", \"pluginid\": \"10112\", \"riskcode\": \"0\", \"riskdesc\": \"Informational (Medium)\", \"solution\": \"<p>This is an informational alert rather than a vulnerability and so there is nothing to fix.</p>\", \"sourceid\": \"1\", \"instances\": [{\"id\": \"67\", \"uri\": \"https://infosulawesi.com\", \"param\": \"session_id\", \"attack\": \"\", \"method\": \"GET\", \"evidence\": \"session_id\", \"otherinfo\": \"cookie:session_id\\ncookie:PHPSESSID\"}, {\"id\": \"157\", \"uri\": \"https://infosulawesi.com/\", \"param\": \"session_id\", \"attack\": \"\", \"method\": \"GET\", \"evidence\": \"session_id\", \"otherinfo\": \"cookie:session_id\\ncookie:PHPSESSID\"}, {\"id\": \"165\", \"uri\": \"https://infosulawesi.com/pages/hak-jawab\", \"param\": \"session_id\", \"attack\": \"\", \"method\": \"GET\", \"evidence\": \"session_id\", \"otherinfo\": \"cookie:session_id\\ncookie:PHPSESSID\"}, {\"id\": \"151\", \"uri\": \"https://infosulawesi.com/pages/kebijakan-privasi\", \"param\": \"session_id\", \"attack\": \"\", \"method\": \"GET\", \"evidence\": \"session_id\", \"otherinfo\": \"cookie:session_id\\ncookie:PHPSESSID\"}, {\"id\": \"162\", \"uri\": \"https://infosulawesi.com/pages/kode-etik\", \"param\": \"session_id\", \"attack\": \"\", \"method\": \"GET\", \"evidence\": \"session_id\", \"otherinfo\": \"cookie:session_id\"}, {\"id\": \"115\", \"uri\": \"https://infosulawesi.com/pages/kontak\", \"param\": \"session_id\", \"attack\": \"\", \"method\": \"GET\", \"evidence\": \"session_id\", \"otherinfo\": \"cookie:session_id\\ncookie:PHPSESSID\"}, {\"id\": \"116\", \"uri\": \"https://infosulawesi.com/pages/media-siber\", \"param\": \"session_id\", \"attack\": \"\", \"method\": \"GET\", \"evidence\": \"session_id\", \"otherinfo\": \"cookie:session_id\\ncookie:PHPSESSID\"}, {\"id\": \"144\", \"uri\": \"https://infosulawesi.com/pages/redaksi\", \"param\": \"session_id\", \"attack\": \"\", \"method\": \"GET\", \"evidence\": \"session_id\", \"otherinfo\": \"cookie:session_id\\ncookie:PHPSESSID\"}, {\"id\": \"164\", \"uri\": \"https://infosulawesi.com/pages/sop-perlindungan-wartawan\", \"param\": \"session_id\", \"attack\": \"\", \"method\": \"GET\", \"evidence\": \"session_id\", \"otherinfo\": \"cookie:session_id\"}, {\"id\": \"130\", \"uri\": \"https://infosulawesi.com/pages/tentang-kami\", \"param\": \"session_id\", \"attack\": \"\", \"method\": \"GET\", \"evidence\": \"session_id\", \"otherinfo\": \"cookie:session_id\\ncookie:PHPSESSID\"}, {\"id\": \"166\", \"uri\": \"https://infosulawesi.com/pages/verifikasi-dewan-pers\", \"param\": \"session_id\", \"attack\": \"\", \"method\": \"GET\", \"evidence\": \"session_id\", \"otherinfo\": \"cookie:session_id\"}], \"otherinfo\": \"<p>cookie:session_id</p><p>cookie:PHPSESSID</p>\", \"reference\": \"<p>https://www.zaproxy.org/docs/desktop/addons/authentication-helper/session-mgmt-id</p>\", \"confidence\": \"2\"}, {\"desc\": \"<p>The response contents are storable by caching components such as proxy servers, and may be retrieved directly from the cache, rather than from the origin server by the caching servers, in response to similar requests from other users. If the response data is sensitive, personal or user-specific, this may result in sensitive information being leaked. In some cases, this may even result in a user gaining complete control of the session of another user, depending on the configuration of the caching components in use in their environment. This is primarily an issue where \\\"shared\\\" caching servers such as \\\"proxy\\\" caches are configured on the local network. This configuration is typically found in corporate or educational environments, for instance.</p>\", \"name\": \"Storable and Cacheable Content\", \"alert\": \"Storable and Cacheable Content\", \"count\": \"2\", \"cweid\": \"524\", \"wascid\": \"13\", \"alertRef\": \"10049\", \"pluginid\": \"10049\", \"riskcode\": \"0\", \"riskdesc\": \"Informational (Medium)\", \"solution\": \"<p>Validate that the response does not contain sensitive, personal or user-specific information. If it does, consider the use of the following HTTP response headers, to limit, or prevent the content being stored and retrieved from the cache by another user:</p><p>Cache-Control: no-cache, no-store, must-revalidate, private</p><p>Pragma: no-cache</p><p>Expires: 0</p><p>This configuration directs both HTTP 1.0 and HTTP 1.1 compliant caching servers to not store the response, and to not retrieve the response (without validation) from the cache, in response to a similar request.</p>\", \"sourceid\": \"6\", \"instances\": [{\"id\": \"55\", \"uri\": \"https://infosulawesi.com/robots.txt\", \"param\": \"\", \"attack\": \"\", \"method\": \"GET\", \"evidence\": \"\", \"otherinfo\": \"In the absence of an explicitly specified caching lifetime directive in the response, a liberal lifetime heuristic of 1 year was assumed. This is permitted by rfc7234.\"}, {\"id\": \"69\", \"uri\": \"https://infosulawesi.com/sitemap.xml\", \"param\": \"\", \"attack\": \"\", \"method\": \"GET\", \"evidence\": \"\", \"otherinfo\": \"In the absence of an explicitly specified caching lifetime directive in the response, a liberal lifetime heuristic of 1 year was assumed. This is permitted by rfc7234.\"}], \"otherinfo\": \"<p>In the absence of an explicitly specified caching lifetime directive in the response, a liberal lifetime heuristic of 1 year was assumed. This is permitted by rfc7234.</p>\", \"reference\": \"<p>https://datatracker.ietf.org/doc/html/rfc7234</p><p>https://datatracker.ietf.org/doc/html/rfc7231</p><p>https://www.w3.org/Protocols/rfc2616/rfc2616-sec13.html</p>\", \"confidence\": \"2\"}]}], \"created\": \"2025-09-09T04:12:50.979911931Z\", \"@version\": \"2.16.1\", \"sequences\": [], \"@generated\": \"Tue, 9 Sept 2025 04:12:50\", \"@programName\": \"ZAP\"}',20,249000000,1,'2025-09-09 10:16:42.196934','2025-09-09 00:38:38.715927',1,6,6,7,'https://infosulawesi.com/DAST Scan',0,0,'{}','full',0,'2025-09-09 10:16:42.197012',177,'/var/lib/jenkins/workspace/DAST-Automasi/zap-reports/zap-report-177.json'),(14,'https://investpro.id/','2025-09-09 10:34:31.000000','running',NULL,0,NULL,0,NULL,'2025-09-09 10:34:45.075645',0,0,0,0,'investpro.id',0,0,'{}','full',0,'2025-09-10 01:59:10.584871',NULL,NULL),(16,'https://stmikprofesional.ac.id','2025-09-09 10:46:24.000000','completed',NULL,21,219000000,0,'2025-09-09 10:50:52.488583','2025-09-09 10:46:40.366899',0,8,9,4,'stmik profesionbla',0,0,'{}','full',0,'2025-09-09 10:50:52.488658',179,'/var/lib/jenkins/workspace/DAST-Automasi/zap-reports/zap-report-179.json'),(17,'https://investpro.id','2025-09-10 01:59:20.733267','completed',NULL,18,222000000,1,'2025-09-10 02:03:13.538686','2025-09-10 01:59:20.733492',0,4,6,8,'investpro.id',0,0,'{}','full',0,'2025-09-10 02:03:13.538757',180,'/var/lib/jenkins/workspace/DAST-Automasi/zap-reports/zap-report-180.json');
/*!40000 ALTER TABLE `dast_reports_dastscan` ENABLE KEYS */;
UNLOCK TABLES;

--
-- Table structure for table `django_admin_log`
--

DROP TABLE IF EXISTS `django_admin_log`;
/*!40101 SET @saved_cs_client     = @@character_set_client */;
/*!50503 SET character_set_client = utf8mb4 */;
CREATE TABLE `django_admin_log` (
  `id` int NOT NULL AUTO_INCREMENT,
  `action_time` datetime(6) NOT NULL,
  `object_id` longtext COLLATE utf8mb4_unicode_ci,
  `object_repr` varchar(200) COLLATE utf8mb4_unicode_ci NOT NULL,
  `action_flag` smallint unsigned NOT NULL,
  `change_message` longtext COLLATE utf8mb4_unicode_ci NOT NULL,
  `content_type_id` int DEFAULT NULL,
  `user_id` int NOT NULL,
  PRIMARY KEY (`id`),
  KEY `django_admin_log_content_type_id_c4bce8eb_fk_django_co` (`content_type_id`),
  KEY `django_admin_log_user_id_c564eba6_fk_auth_user_id` (`user_id`),
  CONSTRAINT `django_admin_log_content_type_id_c4bce8eb_fk_django_co` FOREIGN KEY (`content_type_id`) REFERENCES `django_content_type` (`id`),
  CONSTRAINT `django_admin_log_user_id_c564eba6_fk_auth_user_id` FOREIGN KEY (`user_id`) REFERENCES `auth_user` (`id`),
  CONSTRAINT `django_admin_log_chk_1` CHECK ((`action_flag` >= 0))
) ENGINE=InnoDB AUTO_INCREMENT=29 DEFAULT CHARSET=utf8mb4 COLLATE=utf8mb4_unicode_ci;
/*!40101 SET character_set_client = @saved_cs_client */;

--
-- Dumping data for table `django_admin_log`
--

LOCK TABLES `django_admin_log` WRITE;
/*!40000 ALTER TABLE `django_admin_log` DISABLE KEYS */;
INSERT INTO `django_admin_log` VALUES (1,'2025-08-27 04:14:37.737899','3','DAST Scan investrpo - http://investpro.id',1,'[{\"added\": {}}]',10,1),(2,'2025-08-27 04:15:14.914639','3','DAST Scan investrpo - http://investpro.id',2,'[{\"changed\": {\"fields\": [\"Status\"]}}]',10,1),(3,'2025-08-27 04:16:02.046994','3','DAST Scan investrpo2 - http://investpro.id',2,'[{\"changed\": {\"fields\": [\"Name\", \"Scan type\", \"High Risk\", \"Medium Risk\", \"Low Risk\", \"Informational\"]}}]',10,1),(4,'2025-08-27 04:16:34.024923','3','DAST Scan investrpo2 - http://investpro.id',2,'[{\"changed\": {\"fields\": [\"Scan type\"]}}]',10,1),(5,'2025-08-27 04:23:28.278597','2','Test Scan - http://investpro.id',2,'[{\"changed\": {\"fields\": [\"Target URL\"]}}]',10,1),(6,'2025-08-28 13:32:09.066685','1','DAST Scan - https://danamon.oforu.id',2,'[{\"changed\": {\"fields\": [\"Target URL\"]}}]',10,1),(7,'2025-08-29 01:45:33.553335','2','Test Scan - http://investpro.id',2,'[]',10,1),(8,'2025-08-29 01:46:21.836099','2','Test Scan - http://investpro.id',3,'',10,1),(9,'2025-09-02 03:16:28.511395','1','sentinel.investrpo.id/dast/hasil',1,'[{\"added\": {}}]',7,1),(10,'2025-09-02 03:16:45.177400','1','wqfd',1,'[{\"added\": {}}]',8,1),(11,'2025-09-02 04:38:58.983890','4','scanmirasentinel.com - https://mirasentinel.com',1,'[{\"added\": {}}]',10,1),(12,'2025-09-03 02:46:36.569333','5','inpension - https://inpension.opsitech.id/',1,'[{\"added\": {}}]',10,1),(13,'2025-09-03 02:50:08.156106','6','test sayursehat - https://sayursehat.com',1,'[{\"added\": {}}]',10,1),(14,'2025-09-03 03:31:18.605951','5','inpension - https://inpension.opsitech.id/',3,'',10,1),(15,'2025-09-03 03:31:18.605986','4','scanmirasentinel.com - https://mirasentinel.com',3,'',10,1),(16,'2025-09-03 03:31:18.605999','3','DAST Scan investrpo2 - http://investpro.id',3,'',10,1),(17,'2025-09-03 03:31:18.606008','1','DAST Scan - https://danamon.oforu.id',3,'',10,1),(18,'2025-09-03 03:31:29.137544','6','test sayursehat - https://sayursehat.com',3,'',10,1),(19,'2025-09-03 03:32:02.095030','7','danamon - https://danamon.oforu.id',1,'[{\"added\": {}}]',10,1),(20,'2025-09-03 04:02:38.302361','8','http://testphp.vulnweb.com - http://testphp.vulnweb.com',1,'[{\"added\": {}}]',10,1),(21,'2025-09-03 09:17:48.372094','9','blueray.id - https://blueraycargo.id/',1,'[{\"added\": {}}]',10,1),(22,'2025-09-04 08:47:13.303067','9','blueray.id - https://blueraycargo.id/',3,'',10,1),(23,'2025-09-08 02:37:23.605861','10','DAST Scan - https://unifa.ac.id',1,'[{\"added\": {}}]',10,1),(24,'2025-09-08 04:09:10.198923','11','siska.unifa.ac.id - https://siska.unifa.ac.id',1,'[{\"added\": {}}]',10,1),(25,'2025-09-09 00:38:18.250185','12','https://infosulawesi.com/DAST Scan - https://infosulawesi.com/',1,'[{\"added\": {}}]',10,1),(26,'2025-09-09 10:34:45.076354','14','investpro.id - https://investpro.id/',1,'[{\"added\": {}}]',10,1),(27,'2025-09-09 10:46:40.367809','16','stmik profesionbla - https://stmikprofesional.ac.id',1,'[{\"added\": {}}]',10,1),(28,'2025-09-10 01:58:18.941792','15','investpro.id - https://investpro.id',3,'',10,1);
/*!40000 ALTER TABLE `django_admin_log` ENABLE KEYS */;
UNLOCK TABLES;

--
-- Table structure for table `django_content_type`
--

DROP TABLE IF EXISTS `django_content_type`;
/*!40101 SET @saved_cs_client     = @@character_set_client */;
/*!50503 SET character_set_client = utf8mb4 */;
CREATE TABLE `django_content_type` (
  `id` int NOT NULL AUTO_INCREMENT,
  `app_label` varchar(100) COLLATE utf8mb4_unicode_ci NOT NULL,
  `model` varchar(100) COLLATE utf8mb4_unicode_ci NOT NULL,
  PRIMARY KEY (`id`),
  UNIQUE KEY `django_content_type_app_label_model_76bd3d3b_uniq` (`app_label`,`model`)
) ENGINE=InnoDB AUTO_INCREMENT=11 DEFAULT CHARSET=utf8mb4 COLLATE=utf8mb4_unicode_ci;
/*!40101 SET character_set_client = @saved_cs_client */;

--
-- Dumping data for table `django_content_type`
--

LOCK TABLES `django_content_type` WRITE;
/*!40000 ALTER TABLE `django_content_type` DISABLE KEYS */;
INSERT INTO `django_content_type` VALUES (1,'admin','logentry'),(3,'auth','group'),(2,'auth','permission'),(4,'auth','user'),(5,'contenttypes','contenttype'),(7,'dashboard','dast'),(8,'dashboard','sast'),(10,'dast_reports','dastscan'),(9,'message','message'),(6,'sessions','session');
/*!40000 ALTER TABLE `django_content_type` ENABLE KEYS */;
UNLOCK TABLES;

--
-- Table structure for table `django_migrations`
--

DROP TABLE IF EXISTS `django_migrations`;
/*!40101 SET @saved_cs_client     = @@character_set_client */;
/*!50503 SET character_set_client = utf8mb4 */;
CREATE TABLE `django_migrations` (
  `id` bigint NOT NULL AUTO_INCREMENT,
  `app` varchar(255) COLLATE utf8mb4_unicode_ci NOT NULL,
  `name` varchar(255) COLLATE utf8mb4_unicode_ci NOT NULL,
  `applied` datetime(6) NOT NULL,
  PRIMARY KEY (`id`)
) ENGINE=InnoDB AUTO_INCREMENT=26 DEFAULT CHARSET=utf8mb4 COLLATE=utf8mb4_unicode_ci;
/*!40101 SET character_set_client = @saved_cs_client */;

--
-- Dumping data for table `django_migrations`
--

LOCK TABLES `django_migrations` WRITE;
/*!40000 ALTER TABLE `django_migrations` DISABLE KEYS */;
INSERT INTO `django_migrations` VALUES (1,'contenttypes','0001_initial','2025-08-26 10:39:31.046381'),(2,'auth','0001_initial','2025-08-26 10:39:31.516322'),(3,'admin','0001_initial','2025-08-26 10:39:31.624551'),(4,'admin','0002_logentry_remove_auto_add','2025-08-26 10:39:31.631434'),(5,'admin','0003_logentry_add_action_flag_choices','2025-08-26 10:39:31.638819'),(6,'contenttypes','0002_remove_content_type_name','2025-08-26 10:39:31.734623'),(7,'auth','0002_alter_permission_name_max_length','2025-08-26 10:39:31.789352'),(8,'auth','0003_alter_user_email_max_length','2025-08-26 10:39:31.808544'),(9,'auth','0004_alter_user_username_opts','2025-08-26 10:39:31.814549'),(10,'auth','0005_alter_user_last_login_null','2025-08-26 10:39:31.860479'),(11,'auth','0006_require_contenttypes_0002','2025-08-26 10:39:31.862809'),(12,'auth','0007_alter_validators_add_error_messages','2025-08-26 10:39:31.869983'),(13,'auth','0008_alter_user_username_max_length','2025-08-26 10:39:31.922182'),(14,'auth','0009_alter_user_last_name_max_length','2025-08-26 10:39:31.970405'),(15,'auth','0010_alter_group_name_max_length','2025-08-26 10:39:31.988429'),(16,'auth','0011_update_proxy_permissions','2025-08-26 10:39:31.995402'),(17,'auth','0012_alter_user_first_name_max_length','2025-08-26 10:39:32.045348'),(18,'dashboard','0001_initial','2025-08-26 10:39:32.084815'),(19,'dast_reports','0001_initial','2025-08-26 10:39:32.105884'),(20,'message','0001_initial','2025-08-26 10:39:32.156762'),(21,'sessions','0001_initial','2025-08-26 10:39:32.186312'),(22,'dast_reports','0002_alter_dastscan_options_dastscan_active_and_more','2025-08-26 10:58:03.196090'),(23,'dast_reports','0003_alter_dastscan_active_alter_dastscan_scheduled','2025-08-26 11:52:46.690433'),(24,'dast_reports','0004_alter_dastscan_options_and_more','2025-09-09 03:37:39.326274'),(25,'dast_reports','0005_dastscan_jenkins_build_number_and_more','2025-09-09 06:21:35.226026');
/*!40000 ALTER TABLE `django_migrations` ENABLE KEYS */;
UNLOCK TABLES;

--
-- Table structure for table `django_session`
--

DROP TABLE IF EXISTS `django_session`;
/*!40101 SET @saved_cs_client     = @@character_set_client */;
/*!50503 SET character_set_client = utf8mb4 */;
CREATE TABLE `django_session` (
  `session_key` varchar(40) COLLATE utf8mb4_unicode_ci NOT NULL,
  `session_data` longtext COLLATE utf8mb4_unicode_ci NOT NULL,
  `expire_date` datetime(6) NOT NULL,
  PRIMARY KEY (`session_key`),
  KEY `django_session_expire_date_a5c62663` (`expire_date`)
) ENGINE=InnoDB DEFAULT CHARSET=utf8mb4 COLLATE=utf8mb4_unicode_ci;
/*!40101 SET character_set_client = @saved_cs_client */;

--
-- Dumping data for table `django_session`
--

LOCK TABLES `django_session` WRITE;
/*!40000 ALTER TABLE `django_session` DISABLE KEYS */;
INSERT INTO `django_session` VALUES ('a1h3ajk2nkhk522bswofapravl26m4ba','.eJxVjEEOwiAQRe_C2hBwplRcuu8ZyDCDUjWQlHZlvLs26aLd_vfe_6hAy5zD0tIURlFXZdVpv0XiVyorkCeVR9VcyzyNUa-K3mjTQ5X0vm3u4SBTy_8ahDovYD2CdWKgdwh4Iew9MHsyzp1ZDJJF9kkEOmOZCPkuMUVGUd8fw5k4HA:1ur5lX:MGduzzQNecFa-kze15x6i1Z8mkOeUk78rlANgHo-KSU','2025-09-10 02:19:59.128784'),('cexwhkocrfkqi87t74kvnyexmq647ng6','.eJxVjEEOwiAQRe_C2hBwplRcuu8ZyDCDUjWQlHZlvLs26aLd_vfe_6hAy5zD0tIURlFXZdVpv0XiVyorkCeVR9VcyzyNUa-K3mjTQ5X0vm3u4SBTy_8ahDovYD2CdWKgdwh4Iew9MHsyzp1ZDJJF9kkEOmOZCPkuMUVGUd8fw5k4HA:1uqwZw:_bjtmFNs8Xs6k6zBQraMxOZqBxMaIsJsx3j1hTUs-0E','2025-09-09 16:31:24.017755'),('g2wbo38l001sohy9os579ukuudtjv87k','.eJxVjEEOwiAQRe_C2hBwplRcuu8ZyDCDUjWQlHZlvLs26aLd_vfe_6hAy5zD0tIURlFXZdVpv0XiVyorkCeVR9VcyzyNUa-K3mjTQ5X0vm3u4SBTy_8ahDovYD2CdWKgdwh4Iew9MHsyzp1ZDJJF9kkEOmOZCPkuMUVGUd8fw5k4HA:1uwA64:n8zjpj8HnHmJ6_IEzQvLmNqMkTZpXJQl5-ciiBFAWGo','2025-09-24 01:58:08.124224'),('imui9b0m3lwic3qnhsdddmhk851vk7nb','.eJxVjEEOwiAQRe_C2hBwplRcuu8ZyDCDUjWQlHZlvLs26aLd_vfe_6hAy5zD0tIURlFXZdVpv0XiVyorkCeVR9VcyzyNUa-K3mjTQ5X0vm3u4SBTy_8ahDovYD2CdWKgdwh4Iew9MHsyzp1ZDJJF9kkEOmOZCPkuMUVGUd8fw5k4HA:1uqrqR:JDwzIuZLpCafNjXQi9Q2qH3UyrhaZHjDdL9YVKb9DgE','2025-09-09 11:28:07.668772'),('w0m0zcb0n9a7uxt35f2pdsl73ne6egtt','.eJxVjEEOwiAQRe_C2hBwplRcuu8ZyDCDUjWQlHZlvLs26aLd_vfe_6hAy5zD0tIURlFXZdVpv0XiVyorkCeVR9VcyzyNUa-K3mjTQ5X0vm3u4SBTy_8ahDovYD2CdWKgdwh4Iew9MHsyzp1ZDJJF9kkEOmOZCPkuMUVGUd8fw5k4HA:1uvl7P:3Yh6rPsT-f-H6_SCgDfDFyOQZahFjx4FdDZjjDEk6KE','2025-09-22 23:17:51.287814');
/*!40000 ALTER TABLE `django_session` ENABLE KEYS */;
UNLOCK TABLES;

--
-- Table structure for table `message_message`
--

DROP TABLE IF EXISTS `message_message`;
/*!40101 SET @saved_cs_client     = @@character_set_client */;
/*!50503 SET character_set_client = utf8mb4 */;
CREATE TABLE `message_message` (
  `id` bigint NOT NULL AUTO_INCREMENT,
  `name` varchar(100) COLLATE utf8mb4_unicode_ci NOT NULL,
  `email` varchar(254) COLLATE utf8mb4_unicode_ci NOT NULL,
  `phone` varchar(20) COLLATE utf8mb4_unicode_ci DEFAULT NULL,
  `company` varchar(100) COLLATE utf8mb4_unicode_ci DEFAULT NULL,
  `subject` varchar(200) COLLATE utf8mb4_unicode_ci NOT NULL,
  `service` varchar(50) COLLATE utf8mb4_unicode_ci DEFAULT NULL,
  `message` longtext COLLATE utf8mb4_unicode_ci NOT NULL,
  `status` varchar(20) COLLATE utf8mb4_unicode_ci NOT NULL,
  `priority` varchar(20) COLLATE utf8mb4_unicode_ci NOT NULL,
  `created_at` datetime(6) NOT NULL,
  `updated_at` datetime(6) NOT NULL,
  PRIMARY KEY (`id`),
  KEY `message_mes_status_03314b_idx` (`status`,`created_at`),
  KEY `message_mes_priorit_ca2ec8_idx` (`priority`,`created_at`)
) ENGINE=InnoDB AUTO_INCREMENT=3 DEFAULT CHARSET=utf8mb4 COLLATE=utf8mb4_unicode_ci;
/*!40101 SET character_set_client = @saved_cs_client */;

--
-- Dumping data for table `message_message`
--

LOCK TABLES `message_message` WRITE;
/*!40000 ALTER TABLE `message_message` DISABLE KEYS */;
INSERT INTO `message_message` VALUES (1,'yati','yahyamatoristmik@gmail.com','+6281543185791','jjj','fxgxfg','RedTeam','zxgxzg','unread','normal','2025-08-28 09:13:26.389415','2025-08-28 09:13:26.389459'),(2,'Tttt','yahyamatoristmik@gmail.com','+6281543185791','Hjhjj','Rtrt','SOC','Gjgj','unread','normal','2025-08-30 18:49:21.873259','2025-08-30 18:49:21.873293');
/*!40000 ALTER TABLE `message_message` ENABLE KEYS */;
UNLOCK TABLES;
/*!40103 SET TIME_ZONE=@OLD_TIME_ZONE */;

/*!40101 SET SQL_MODE=@OLD_SQL_MODE */;
/*!40014 SET FOREIGN_KEY_CHECKS=@OLD_FOREIGN_KEY_CHECKS */;
/*!40014 SET UNIQUE_CHECKS=@OLD_UNIQUE_CHECKS */;
/*!40101 SET CHARACTER_SET_CLIENT=@OLD_CHARACTER_SET_CLIENT */;
/*!40101 SET CHARACTER_SET_RESULTS=@OLD_CHARACTER_SET_RESULTS */;
/*!40101 SET COLLATION_CONNECTION=@OLD_COLLATION_CONNECTION */;
/*!40111 SET SQL_NOTES=@OLD_SQL_NOTES */;

-- Dump completed on 2025-09-10  9:03:52
